code,name,market,industry,close_price,change_rate,market_cap
005930,삼성전자,KOSPI,통신 및 방송 장비 제조업,268500,-2.19,1569725806248000
000660,SK하이닉스,KOSPI,반도체 제조업,1662000,1.03,1214078310630000
005935,삼성전자우,KOSPI,기타,188300,-3.73,151086497524900
402340,SK스퀘어,KOSPI,기타 금융업,1135000,-1.65,149772768110000
009150,삼성전기,KOSPI,전자부품 제조업,1440000,-7.57,107558922240000
005380,현대차,KOSPI,자동차용 엔진 및 자동차 제조업,435000,-3.97,89069628210000
373220,LG에너지솔루션,KOSPI,일차전지 및 이차전지 제조업,351000,-5.01,82134000000000
207940,삼성바이오로직스,KOSPI,기초 의약물질 제조업,1531000,-1.1,70871445981000
032830,삼성생명,KOSPI,보험업,310500,3.16,62100000000000
028260,삼성물산,KOSPI,기타 전문 도매업,369000,0.0,59839837389000
105560,KB금융,KOSPI,기타 금융업,168500,0.0,59764883179000
012450,한화에어로스페이스,KOSPI,"항공기,우주선 및 부품 제조업",1146000,-1.21,59091657546000
000270,기아,KOSPI,자동차용 엔진 및 자동차 제조업,137200,-3.18,53564663325600
329180,HD현대중공업,KOSPI,선박 및 보트 건조업,489500,-4.02,51378519637500
055550,신한지주,KOSPI,기타 금융업,106500,-0.84,49996450453500
034020,두산에너빌리티,KOSPI,일반 목적용 기계 제조업,77900,-5.69,49899713273400
012330,현대모비스,KOSPI,자동차 신품 부품 제조업,518000,-5.3,46999477994000
068270,셀트리온,KOSPI,기초 의약물질 제조업,195500,-2.74,45476657908000
034730,SK,KOSPI,기타 금융업,590000,0.85,42776594770000
006400,삼성SDI,KOSPI,일차전지 및 이차전지 제조업,488000,-5.43,39325738640000
086790,하나금융지주,KOSPI,기타 금융업,130700,-1.73,35859864663600
035420,NAVER,KOSPI,"자료처리, 호스팅, 포털 및 기타 인터넷 정보매개 서비스업",217000,-4.82,34064135945000
066570,LG전자,KOSPI,통신 및 방송 장비 제조업,208000,-3.26,33880004704000
010120,LS ELECTRIC,KOSPI,"전동기, 발전기 및 전기 변환 · 공급 · 제어 장치 제조업",209000,1.21,31350000000000
267260,HD현대일렉트릭,KOSPI,"전동기, 발전기 및 전기 변환 · 공급 · 제어 장치 제조업",785000,-2.24,28297000975000
000810,삼성화재,KOSPI,보험업,626000,1.79,27949318098000
042660,한화오션,KOSPI,선박 및 보트 건조업,90900,-5.11,27852977514600
298040,효성중공업,KOSPI,"전동기, 발전기 및 전기 변환 · 공급 · 제어 장치 제조업",2984000,1.02,27824451232000
009540,HD한국조선해양,KOSPI,기타 금융업,374500,-2.98,26504531942000
005490,POSCO홀딩스,KOSPI,1차 철강 제조업,324500,-2.84,25713875511500
010130,고려아연,KOSPI,1차 비철금속 제조업,1219000,1.92,25444149211000
316140,우리금융지주,KOSPI,기타 금융업,33750,0.15,24573026767500
096770,SK이노베이션,KOSPI,석유 정제품 제조업,131500,2.18,22230441622000
042700,한미반도체,KOSPI,특수 목적용 기계 제조업,229000,0.0,21826493800000
017670,SK텔레콤,KOSPI,전기 통신업,99800,-0.7,21436047289400
011200,HMM,KOSPI,해상 운송업,22650,6.59,21364340020500
015760,한국전력,KOSPI,전기업,32600,-1.95,20928028910200
006800,미래에셋증권,KOSPI,금융 지원 서비스업,36350,-3.45,20340256088000
000150,두산,KOSPI,전자부품 제조업,1250000,-2.04,20242293750000
138040,메리츠금융지주,KOSPI,기타 금융업,117200,0.43,19613100395600
051910,LG화학,KOSPI,기초 화학물질 제조업,270500,-3.57,19095228781500
010140,삼성중공업,KOSPI,선박 및 보트 건조업,21250,-4.71,18700000000000
267250,HD현대,KOSPI,기타 금융업,234500,-0.42,18523878432500
033780,KT&G,KOSPI,담배 제조업,176600,0.34,18332926529600
018260,삼성에스디에스,KOSPI,"컴퓨터 프로그래밍, 시스템 통합 및 관리업",228500,-6.16,17680827300000
079550,LIG디펜스앤에어로스페이스,KOSPI,무기 및 총포탄 제조업,795000,-2.45,17490000000000
010950,S-Oil,KOSPI,석유 정제품 제조업,153600,4.07,17292716851200
003550,LG,KOSPI,기타 금융업,112700,-6.08,17039338850800
035720,카카오,KOSPI,"자료처리, 호스팅, 포털 및 기타 인터넷 정보매개 서비스업",38250,-4.38,16944025927500
024110,기업은행,KOSPI,은행 및 저축기관,20450,0.25,16307359021050
196170,알테오젠,KOSDAQ GLOBAL,자연과학 및 공학 연구개발업,298000,-5.1,15968730214000
064350,현대로템,KOSPI,그외 기타 운송장비 제조업,143200,-2.52,15629176357600
086280,현대글로비스,KOSPI,기타 운송관련 서비스업,206500,-2.13,15487500000000
272210,한화시스템,KOSPI,전자부품 제조업,79900,-0.5,15094659181100
011070,LG이노텍,KOSPI,전자부품 제조업,633000,-3.21,14981278731000
278470,에이피알,KOSPI,기타 화학제품 제조업,396500,1.54,14844228457500
003670,포스코퓨처엠,KOSPI,일차전지 및 이차전지 제조업,160400,-5.92,14266973688000
030200,KT,KOSPI,전기 통신업,54300,1.69,13684777495500
047810,한국항공우주,KOSPI,"항공기,우주선 및 부품 제조업",140000,-4.37,13646514980000
307950,현대오토에버,KOSPI,소프트웨어 개발 및 공급업,451000,-7.87,12368215882000
000720,현대건설,KOSPI,토목 건설업,110100,-4.92,12260269726500
005830,DB손해보험,KOSPI,보험업,182000,2.94,11921063518000
086520,에코프로,KOSDAQ GLOBAL,기타 금융업,87100,-6.94,11826102839200
078930,GS,KOSPI,기타 금융업,119300,1.97,11082432553500
006260,LS,KOSPI,기타 금융업,343500,6.18,10717200000000
071050,한국금융지주,KOSPI,기타 금융업,191600,-6.08,10677100067200
247540,에코프로비엠,KOSDAQ GLOBAL,일차전지 및 이차전지 제조업,109100,-6.51,10673300349400
323410,카카오뱅크,KOSPI,은행 및 저축기관,21950,-1.13,10472793592150
259960,크래프톤,KOSPI,소프트웨어 개발 및 공급업,226500,-4.83,10450219174500
005940,NH투자증권,KOSPI,금융 지원 서비스업,27500,-4.35,10153167887500
003230,삼양식품,KOSPI,기타 식품 제조업,1334000,5.04,10049042010000
0126Z0,삼성에피스홀딩스,KOSPI,기타 금융업,384500,-11.3,9567532340500
028050,삼성E&A,KOSPI,"건축기술, 엔지니어링 및 관련 기술 서비스업",47900,-3.82,9388400000000
003490,대한항공,KOSPI,항공 여객 운송업,25250,-3.99,9297571690250
443060,HD현대마린솔루션,KOSPI,"건축기술, 엔지니어링 및 관련 기술 서비스업",204000,3.66,9146025840000
277810,레인보우로보틱스,KOSDAQ,특수 목적용 기계 제조업,470000,-6.19,9117933260000
047050,포스코인터내셔널,KOSPI,상품 중개업,51400,-3.56,9042431303200
161390,한국타이어앤테크놀로지,KOSPI,고무제품 제조업,69100,-3.49,8559767267900
036930,주성엔지니어링,KOSDAQ GLOBAL,특수 목적용 기계 제조업,179300,0.84,8334064995300
180640,한진칼,KOSPI,기타 금융업,118900,-0.92,7938034973100
016360,삼성증권,KOSPI,금융 지원 서비스업,88800,-4.52,7929840000000
090430,아모레퍼시픽,KOSPI,기타 화학제품 제조업,132200,-2.58,7732742739800
009830,한화솔루션,KOSPI,기초 화학물질 제조업,34000,-3.95,7646346224000
007660,이수페타시스,KOSPI,전자부품 제조업,102900,7.64,7553808635100
039490,키움증권,KOSPI,금융 지원 서비스업,283500,-5.66,7435727586000
352820,하이브,KOSPI,오디오물 출판 및 원판 녹음업,171800,-4.24,7405754424800
005387,현대차2우B,KOSPI,기타,207000,-2.82,7237533510000
064400,LG씨엔에스,KOSPI,"컴퓨터 프로그래밍, 시스템 통합 및 관리업",73900,-7.51,7159871557200
047040,대우건설,KOSPI,건물 건설업,17170,-4.66,7055284144460
021240,코웨이,KOSPI,그외 기타 개인 서비스업,96500,-1.73,6829056609000
326030,SK바이오팜,KOSPI,자연과학 및 공학 연구개발업,85200,-2.41,6672288900000
267270,HD건설기계,KOSPI,특수 목적용 기계 제조업,133500,-3.68,6397573249500
000100,유한양행,KOSPI,의약품 제조업,79600,-4.9,6339949039600
032640,LG유플러스,KOSPI,전기 통신업,14930,-0.86,6336706038760
241560,두산밥캣,KOSPI,특수 목적용 기계 제조업,64300,-2.72,6163544979500
000880,한화,KOSPI,기타 화학제품 제조업,83800,0.0,5908563612200
353200,대덕전자,KOSPI,전자부품 제조업,117600,-1.26,5811430380000
377300,카카오페이,KOSPI,금융 지원 서비스업,42850,-5.09,5796434552250
028300,HLB,KOSDAQ,의료용품 및 기타 의약 관련제품 제조업,43150,0.0,5747503322450
001440,대한전선,KOSPI,절연선 및 케이블 제조업,28700,-4.17,5624987505200
029780,삼성카드,KOSPI,기타 금융업,47950,-1.24,5555433823450
240810,원익IPS,KOSDAQ GLOBAL,특수 목적용 기계 제조업,112400,-3.6,5517030472400
062040,산일전기,KOSPI,"전동기, 발전기 및 전기 변환 · 공급 · 제어 장치 제조업",179200,-1.81,5491198720000
175330,JB금융지주,KOSPI,기타 금융업,27900,-0.36,5203958889600
058470,리노공업,KOSDAQ GLOBAL,전자부품 제조업,67800,-4.24,5167163430000
039030,이오테크닉스,KOSDAQ,특수 목적용 기계 제조업,414000,2.48,5100293700000
010060,OCI홀딩스,KOSPI,기타 금융업,272500,-2.33,5087638220000
128940,한미약품,KOSPI,의약품 제조업,392000,-1.63,5021908472000
036570,NC,KOSPI,소프트웨어 개발 및 공급업,230000,-7.07,4955125060000
271560,오리온,KOSPI,기타 식품 제조업,125100,-6.64,4945051378800
034220,LG디스플레이,KOSPI,전자부품 제조업,9780,-4.77,4890000000000
000500,가온전선,KOSPI,절연선 및 케이블 제조업,162500,-2.75,4838861137500
454910,두산로보틱스,KOSPI,특수 목적용 기계 제조업,74400,-6.06,4822606512000
005385,현대차우,KOSPI,기타,206500,-2.13,4819908240000
088350,한화생명,KOSPI,보험업,5520,-1.95,4794285600000
138930,BNK금융지주,KOSPI,기타 금융업,14820,-2.05,4599046629060
088980,맥쿼리인프라,KOSPI,신탁업 및 집합투자업,9480,-2.17,4540180493640
051900,LG생활건강,KOSPI,기타 화학제품 제조업,300000,-2.44,4492656900000
298380,에이비엘바이오,KOSDAQ GLOBAL,기초 의약물질 제조업,79800,-5.11,4467799547400
000250,삼천당제약,KOSDAQ,의약품 제조업,184700,-2.28,4332595078400
066970,엘앤에프,KOSPI,일차전지 및 이차전지 제조업,105400,-3.92,4288015604000
011790,SKC,KOSPI,기타 화학제품 제조업,86200,-4.01,4275373287600
000990,DB하이텍,KOSPI,반도체 제조업,97600,-5.06,4246047788800
001450,현대해상,KOSPI,보험업,49700,9.59,4236838025000
087010,펩트론,KOSDAQ,기초 의약물질 제조업,180000,-7.22,4197123000000
222800,심텍,KOSDAQ GLOBAL,전자부품 제조업,110900,2.02,4154749947900
108490,로보티즈,KOSDAQ,특수 목적용 기계 제조업,279000,-0.36,4090426812000
214450,파마리서치,KOSDAQ GLOBAL,의료용품 및 기타 의약 관련제품 제조업,393000,-1.26,4083131664000
004170,신세계,KOSPI,종합 소매업,424500,-0.59,4009479334500
082740,한화엔진,KOSPI,일반 목적용 기계 제조업,47100,-3.98,3930360388200
002380,KCC,KOSPI,기타 화학제품 제조업,454500,-2.36,3905471232000
141080,리가켐바이오,KOSDAQ GLOBAL,자연과학 및 공학 연구개발업,105100,-7.73,3890740831800
319660,피에스케이,KOSDAQ,특수 목적용 기계 제조업,132000,-1.57,3823606248000
004020,현대제철,KOSPI,1차 철강 제조업,28650,-4.18,3823221740250
018880,한온시스템,KOSPI,일반 목적용 기계 제조업,3655,-4.32,3750989627560
001040,CJ,KOSPI,기타 금융업,126900,-8.11,3702561046200
052690,한전기술,KOSPI,"건축기술, 엔지니어링 및 관련 기술 서비스업",96500,-4.46,3688230000000
007340,DN오토모티브,KOSPI,일차전지 및 이차전지 제조업,62800,6.62,3674482322000
111770,영원무역,KOSPI,상품 종합 도매업,80900,-5.82,3584797761200
095340,ISC,KOSDAQ,기계장비 및 관련 물품 도매업,167100,3.6,3542028391800
403870,HPSP,KOSDAQ GLOBAL,특수 목적용 기계 제조업,42650,5.57,3510095000000
440110,파두,KOSDAQ,반도체 제조업,68300,4.27,3422583144100
103590,일진전기,KOSPI,절연선 및 케이블 제조업,71700,-3.5,3419042463000
036460,한국가스공사,KOSPI,연료용 가스 제조 및 배관공급업,36550,-0.14,3374040150000
028670,팬오션,KOSPI,해상 운송업,6040,4.32,3228799852480
310210,보로노이,KOSDAQ,자연과학 및 공학 연구개발업,174500,-2.89,3218319728500
011780,금호석유화학,KOSPI,기초 화학물질 제조업,126500,-3.14,3182401612500
251270,넷마블,KOSPI,소프트웨어 개발 및 공급업,37950,-2.94,3109416969450
145020,휴젤,KOSDAQ,기초 의약물질 제조업,248000,-3.13,3103762904000
031210,서울보증보험,KOSPI,보험업,44300,-1.34,3093096791400
035250,강원랜드,KOSPI,유원지 및 기타 오락관련 서비스업,14450,-0.96,3091440225000
022100,포스코DX,KOSPI,"건축기술, 엔지니어링 및 관련 기술 서비스업",20300,-6.67,3086304998700
009420,한올바이오파마,KOSPI,의약품 제조업,58700,-1.68,3066525450600
161890,한국콜마,KOSPI,기타 화학제품 제조업,129700,-5.12,3061578486900
008930,한미사이언스,KOSPI,기타 금융업,44600,0.68,3050263130000
084370,유진테크,KOSDAQ,특수 목적용 기계 제조업,132800,1.3,3043250377600
214370,케어젠,KOSDAQ,기초 의약물질 제조업,55400,-10.5,2975811000000
131290,티에스이,KOSDAQ,"측정, 시험, 항해, 제어 및 기타 정밀기기 제조업; 광학기기 제외",269000,3.46,2975524401000
085620,미래에셋생명,KOSPI,보험업,21800,4.56,2946924000000
012750,에스원,KOSPI,"경비, 경호 및 탐정업",77500,-0.26,2944936295000
006360,GS건설,KOSPI,건물 건설업,34150,-3.39,2922607883500
257720,실리콘투,KOSDAQ,상품 종합 도매업,44500,3.85,2918143214000
023530,롯데쇼핑,KOSPI,종합 소매업,103000,0.1,2913741765000
017800,현대엘리베이터,KOSPI,일반 목적용 기계 제조업,74300,2.48,2904564205500
302440,SK바이오사이언스,KOSPI,기초 의약물질 제조업,36500,-3.05,2863664184500
004800,효성,KOSPI,기타 금융업,167300,-1.41,2800670091100
319400,현대무벡스,KOSDAQ,일반 목적용 기계 제조업,25100,-10.36,2795538578900
095610,테스,KOSDAQ GLOBAL,특수 목적용 기계 제조업,143000,-3.05,2768480000000
097950,CJ제일제당,KOSPI,기타 식품 제조업,183400,-1.08,2760937712400
139130,iM금융지주,KOSPI,기타 금융업,17380,-0.52,2752356031040
483650,달바글로벌,KOSPI,기타 화학제품 제조업,220000,-3.72,2748661300000
489790,한화비전,KOSPI,통신 및 방송 장비 제조업,54300,1.88,2741519577000
375500,DL이앤씨,KOSPI,토목 건설업,70600,-4.34,2731769783800
192820,코스맥스,KOSPI,기타 화학제품 제조업,239000,-3.43,2712532651000
005850,에스엘,KOSPI,자동차 신품 부품 제조업,58300,-5.36,2707948716000
003690,코리안리,KOSPI,재 보험업,15230,-0.39,2691461302130
001720,신영증권,KOSPI,금융 지원 서비스업,161500,-2.77,2655060000000
347850,디앤디파마텍,KOSDAQ,자연과학 및 공학 연구개발업,57800,-5.86,2649413800200
450080,에코프로머티,KOSPI,일차전지 및 이차전지 제조업,37250,-6.64,2637816657500
080220,제주반도체,KOSDAQ,반도체 제조업,75800,-6.99,2610766741400
067310,하나마이크론,KOSDAQ,반도체 제조업,39200,7.1,2606442064800
064760,티씨케이,KOSDAQ GLOBAL,기타 비금속 광물제품 제조업,232000,-4.92,2593624512000
026960,동서,KOSPI,음·식료품 및 담배 도매업,25800,-1.9,2572260000000
004370,농심,KOSPI,기타 식품 제조업,420000,-4.0,2554709640000
357780,솔브레인,KOSDAQ GLOBAL,기타 화학제품 제조업,326500,1.4,2539701799000
204320,HL만도,KOSPI,자동차 신품 부품 제조업,53200,-6.83,2498118784000
383220,F&F,KOSPI,봉제의복 제조업,64900,-3.13,2486129167500
282330,BGF리테일,KOSPI,종합 소매업,143200,-1.38,2475055339200
031980,피에스케이홀딩스,KOSDAQ,특수 목적용 기계 제조업,111700,0.45,2408519521500
058610,에스피지,KOSDAQ,"전동기, 발전기 및 전기 변환 · 공급 · 제어 장치 제조업",108000,-8.94,2395154880000
000240,한국앤컴퍼니,KOSPI,기타 금융업,25150,-4.19,2387621286000
011170,롯데케미칼,KOSPI,기초 화학물질 제조업,55700,-2.62,2382590838300
009970,영원무역홀딩스,KOSPI,기타 금융업,183300,-3.22,2374434656100
336260,두산퓨얼셀,KOSPI,"전동기, 발전기 및 전기 변환 · 공급 · 제어 장치 제조업",36200,-4.36,2370872881200
178320,서진시스템,KOSDAQ,기타 전기장비 제조업,37050,0.27,2358259805850
950160,코오롱티슈진,KOSDAQ,기초 의약물질 제조업,27600,-3.33,2345176416000
004990,롯데지주,KOSPI,기타 금융업,23400,-3.7,2332132358400
081660,미스토홀딩스,KOSPI,생활용품 도매업,43500,2.35,2309495040000
181710,NHN,KOSPI,소프트웨어 개발 및 공급업,70500,-5.62,2309096299500
007070,GS리테일,KOSPI,종합 소매업,27250,-1.62,2278302058750
014680,한솔케미칼,KOSPI,기초 화학물질 제조업,210500,-3.66,2272144578000
279570,케이뱅크,KOSPI,은행 및 저축기관,5600,-2.1,2271892845600
214150,클래시스,KOSDAQ GLOBAL,의료용 기기 제조업,34700,-7.47,2263677367300
103140,풍산,KOSPI,1차 비철금속 제조업,80400,-1.95,2253151951200
226950,올릭스,KOSDAQ GLOBAL,자연과학 및 공학 연구개발업,106500,-4.91,2243193525000
018670,SK가스,KOSPI,기타 전문 도매업,242000,-0.82,2243157048000
073240,금호타이어,KOSPI,고무제품 제조업,7790,-4.3,2237757635730
005290,동진쎄미켐,KOSDAQ,기초 화학물질 제조업,43200,-0.58,2201909443200
030000,제일기획,KOSPI,광고업,18850,-0.68,2168527091250
069960,현대백화점,KOSPI,종합 소매업,100000,-2.15,2156491200000
005440,현대지에프홀딩스,KOSPI,기타 금융업,11510,-3.44,2110901760490
139480,이마트,KOSPI,종합 소매업,76100,-3.55,2100041825900
237690,에스티팜,KOSDAQ GLOBAL,의약품 제조업,100300,-5.73,2093926791400
098460,고영,KOSDAQ,특수 목적용 기계 제조업,30300,-6.34,2066587653900
051600,한전KPS,KOSPI,전기 및 통신 공사업,44950,-3.02,2022750000000
010170,대한광통신,KOSDAQ,절연선 및 케이블 제조업,12890,-3.59,2004210157400
475150,SK이터닉스,KOSPI,건물 건설업,58500,0.34,1992919734000
032820,우리기술,KOSDAQ,"전동기, 발전기 및 전기 변환 · 공급 · 제어 장치 제조업",11500,-3.77,1987023038000
439260,대한조선,KOSPI,선박 및 보트 건조업,52100,-4.75,1984422833000
140410,메지온,KOSDAQ,자연과학 및 공학 연구개발업,64600,-5.97,1977147212400
140860,파크시스템스,KOSDAQ GLOBAL,"측정, 시험, 항해, 제어 및 기타 정밀기기 제조업; 광학기기 제외",279500,0.0,1957190085500
457190,이수스페셜티케미컬,KOSPI,기초 화학물질 제조업,64600,-5.28,1952139131200
002790,아모레퍼시픽홀딩스,KOSPI,기타 화학제품 제조업,25250,-4.17,1930569045000
112610,씨에스윈드,KOSPI,"구조용 금속제품, 탱크 및 증기발생기 제조업",45700,-2.45,1927233117100
263750,펄어비스,KOSDAQ,소프트웨어 개발 및 공급업,30550,-2.24,1919881450500
071970,HD현대마린엔진,KOSPI,일반 목적용 기계 제조업,55200,-5.15,1872466524000
462870,시프트업,KOSPI,소프트웨어 개발 및 공급업,31700,0.0,1862117913000
068760,셀트리온제약,KOSDAQ,의약품 제조업,41900,-4.66,1860457710800
089030,테크윙,KOSDAQ,특수 목적용 기계 제조업,49300,0.1,1826744698500
083650,비에이치아이,KOSDAQ,일반 목적용 기계 제조업,58900,-3.92,1822623687500
395400,SK리츠,KOSPI,부동산 임대 및 공급업,5850,-0.51,1760953077000
089970,브이엠,KOSDAQ,특수 목적용 기계 제조업,66700,-2.2,1755995225500
011210,현대위아,KOSPI,자동차 신품 부품 제조업,63900,-5.75,1737765803700
000155,두산우,KOSPI,기타,430000,-2.16,1718478660000
000120,CJ대한통운,KOSPI,도로 화물 운송업,75300,-2.46,1717769503200
008770,호텔신라,KOSPI,기타 상품 전문 소매업,43650,-3.85,1713180481650
023590,다우기술,KOSPI,"자료처리, 호스팅, 포털 및 기타 인터넷 정보매개 서비스업",39500,-1.86,1709848824000
020150,롯데에너지머티리얼즈,KOSPI,전자부품 제조업,32350,-6.1,1694022728050
006040,동원산업,KOSPI,기타 금융업,38000,1.2,1677351122000
120110,코오롱인더,KOSPI,화학섬유 제조업,56000,1.27,1676977792000
0009K0,에임드바이오,KOSDAQ,자연과학 및 공학 연구개발업,25800,-5.32,1668515953800
089860,롯데렌탈,KOSPI,운송장비 임대업,45300,0.67,1644815276400
060370,LS마린솔루션,KOSDAQ,전기 및 통신 공사업,31250,-3.85,1632464187500
041510,에스엠,KOSDAQ GLOBAL,오디오물 출판 및 원판 녹음업,71000,-3.27,1625522990000
420770,기가비스,KOSDAQ,특수 목적용 기계 제조업,128100,6.66,1623764599800
097230,HJ중공업,KOSPI,토목 건설업,17630,-1.51,1591906914720
00680K,미래에셋증권2우B,KOSPI,기타,11620,-5.07,1586130000000
096530,씨젠,KOSDAQ GLOBAL,의료용품 및 기타 의약 관련제품 제조업,30300,-5.75,1582447618200
323280,태성,KOSDAQ,특수 목적용 기계 제조업,51700,-4.26,1578813566000
043260,성호전자,KOSDAQ,전자부품 제조업,21450,5.15,1575149690400
007810,코리아써키트,KOSPI,전자부품 제조업,65400,3.65,1568463348000
001800,오리온홀딩스,KOSPI,기타 금융업,25800,-3.73,1552041621600
001430,세아베스틸지주,KOSPI,1차 철강 제조업,43100,-4.22,1545657328900
030530,원익홀딩스,KOSDAQ,기초 화학물질 제조업,19760,-5.9,1526222504560
131970,두산테스나,KOSDAQ GLOBAL,"그외 기타 전문, 과학 및 기술 서비스업",78700,-6.31,1521053630600
001120,LX인터내셔널,KOSPI,상품 중개업,38500,1.85,1492260000000
001740,SK네트웍스,KOSPI,기타 전문 도매업,7430,-2.11,1490412595270
294870,IPARK현대산업개발,KOSPI,건물 건설업,22500,1.81,1482914925000
009155,삼성전기우,KOSPI,기타,507000,-8.48,1473840888000
007390,네이처셀,KOSDAQ,기초 의약물질 제조업,22600,-3.42,1456232265600
229640,LS에코에너지,KOSPI,기타 금융업,47450,-1.76,1453150508550
475830,오름테라퓨틱,KOSDAQ,기초 의약물질 제조업,65700,-3.52,1426977063000
290650,엘앤씨바이오,KOSDAQ,의약품 제조업,52800,-3.47,1424000371200
006280,녹십자,KOSPI,의약품 제조업,121800,-5.73,1423420328400
020560,아시아나항공,KOSPI,항공 여객 운송업,6880,-4.31,1417216091680
039200,오스코텍,KOSDAQ,의약품 제조업,36600,-2.14,1400249241600
035900,JYP Ent.,KOSDAQ GLOBAL,오디오물 출판 및 원판 녹음업,39350,-4.14,1398203560200
298020,효성티앤씨,KOSPI,화학섬유 제조업,322500,-2.42,1395677445000
322000,HD현대에너지솔루션,KOSPI,반도체 제조업,124600,1.05,1395520000000
093370,후성,KOSPI,기초 화학물질 제조업,12970,4.6,1391101630100
082920,비츠로셀,KOSDAQ GLOBAL,일차전지 및 이차전지 제조업,30550,-3.63,1379011022350
281820,케이씨텍,KOSPI,"측정, 시험, 항해, 제어 및 기타 정밀기기 제조업; 광학기기 제외",69400,-3.48,1374027073400
069620,대웅제약,KOSPI,의약품 제조업,118500,-4.9,1373009137500
078600,대주전자재료,KOSDAQ,전자부품 제조업,86900,-9.1,1364689592200
218410,RFHIC,KOSDAQ,통신 및 방송 장비 제조업,51000,-4.14,1355347542000
347700,스피어,KOSDAQ,소프트웨어 개발 및 공급업,25750,-2.65,1327447571500
012630,HDC,KOSPI,기타 금융업,22200,-0.45,1326266206200
127120,제이에스링크,KOSDAQ,자연과학 및 공학 연구개발업,38050,-6.05,1322342441900
241710,코스메카코리아,KOSDAQ GLOBAL,기타 화학제품 제조업,122900,-3.38,1312572000000
007310,오뚜기,KOSPI,기타 식품 제조업,326000,-3.26,1306552580000
005070,코스모신소재,KOSPI,기타 화학제품 제조업,39000,-7.58,1295368269000
082640,동양생명,KOSPI,보험업,8250,0.0,1287516293250
017960,한국카본,KOSPI,"구조용 금속제품, 탱크 및 증기발생기 제조업",24500,-2.58,1266073907000
415640,KB발해인프라,KOSPI,신탁업 및 집합투자업,10290,-0.1,1260993688920
066575,LG전자우,KOSPI,기타,73000,-2.41,1254234827000
003540,대신증권,KOSPI,금융 지원 서비스업,26300,-3.31,1253619113800
000815,삼성화재우,KOSPI,기타,414500,2.6,1246409790000
192080,더블유게임즈,KOSPI,소프트웨어 개발 및 공급업,58800,-4.55,1244999918400
437730,삼현,KOSDAQ,자동차 신품 부품 제조업,38600,-3.74,1223912086200
361610,SK아이이테크놀로지,KOSPI,일차전지 및 이차전지 제조업,14710,-5.4,1203088241000
004000,롯데정밀화학,KOSPI,기초 화학물질 제조업,46350,-1.59,1195830000000
003380,하림지주,KOSDAQ GLOBAL,기타 금융업,10640,-5.25,1191739807440
030610,교보증권,KOSPI,금융 지원 서비스업,10140,-3.7,1155584424540
195940,HK이노엔,KOSDAQ GLOBAL,의약품 제조업,40350,-3.12,1143111101850
280360,롯데웰푸드,KOSPI,기타 식품 제조업,123200,-4.72,1134003516800
330590,롯데리츠,KOSPI,부동산 임대 및 공급업,3920,-1.13,1132758025280
183300,코미코,KOSDAQ,특수 목적용 기계 제조업,54400,0.0,1117664864000
166090,하나머티리얼즈,KOSDAQ,반도체 제조업,56500,-3.09,1117438581000
006340,대원전선,KOSPI,절연선 및 케이블 제조업,14110,-4.08,1106427409760
300720,한일시멘트,KOSPI,"시멘트, 석회, 플라스터 및 그 제품 제조업",15040,0.94,1106119943360
000080,하이트진로,KOSPI,알코올음료 제조업,15390,-2.9,1079356273290
000210,DL,KOSPI,기초 화학물질 제조업,50700,-2.31,1062463318800
032350,롯데관광개발,KOSPI,여행사 및 기타 여행보조 서비스업,13240,-3.78,1055565063920
077970,STX엔진,KOSPI,일반 목적용 기계 제조업,26250,-7.57,1053886653750
003570,SNT다이내믹스,KOSPI,자동차 신품 부품 제조업,31450,-3.53,1045797320650
496320,본시스템즈,KONEX,특수 목적용 기계 제조업,1023000,0.0,1039340379000
204270,제이앤티씨,KOSDAQ,전자부품 제조업,17870,-4.08,1033752087420
001820,삼화콘덴서,KOSPI,전자부품 제조업,97400,-5.44,1012473000000
003090,대웅,KOSPI,의약품 제조업,17350,-4.2,1008763353000
003240,태광산업,KOSPI,화학섬유 제조업,896000,-3.66,997606400000
451800,한화리츠,KOSPI,부동산 임대 및 공급업,5510,-0.9,989596000000
036540,SFA반도체,KOSDAQ,반도체 제조업,5990,-0.83,985117214970
491000,리브스메드,KOSDAQ,의료용 기기 제조업,38850,-15.36,981167278350
003530,한화투자증권,KOSPI,금융 지원 서비스업,4550,-4.81,976192376250
192400,쿠쿠홀딩스,KOSPI,기타 금융업,27400,3.98,974403869000
009450,경동나비엔,KOSPI,가정용 기기 제조업,66300,-2.64,965897649600
195870,해성디에스,KOSPI,전자부품 제조업,56600,-3.9,962200000000
293490,카카오게임즈,KOSDAQ GLOBAL,소프트웨어 개발 및 공급업,8810,-2.0,940425784650
051915,LG화학우,KOSPI,기타,122300,-3.17,940340240000
009240,한샘,KOSPI,생활용품 도매업,39900,-1.48,939003727200
006120,SK디스커버리,KOSPI,기타 금융업,53700,1.9,935118428700
101490,에스앤에스텍,KOSDAQ GLOBAL,전자부품 제조업,43750,-1.69,933400956250
115180,큐리언트,KOSDAQ,자연과학 및 공학 연구개발업,24650,-3.71,924680684650
185750,종근당,KOSPI,의약품 제조업,66700,-2.34,920645426000
005300,롯데칠성,KOSPI,비알코올음료 및 얼음 제조업,97800,-3.83,907474855200
071055,한국금융지주우,KOSPI,기타,154500,-1.15,905099779500
030190,NICE평가정보,KOSPI,기타 정보 서비스업,15350,-3.28,904291939450
005090,SGC에너지,KOSPI,전기업,62500,-2.19,900583312500
476830,알지노믹스,KOSDAQ,자연과학 및 공학 연구개발업,32100,-8.94,900579495600
252990,샘씨엔에스,KOSDAQ,전자부품 제조업,14880,-6.71,896042188320
950260,인제니아테라퓨틱스(Reg.S),KOSDAQ,자연과학 및 공학 연구개발업,17990,49.92,889508479930
034230,파라다이스,KOSPI,유원지 및 기타 오락관련 서비스업,9580,-3.13,887389479560
119850,지엔씨에너지,KOSDAQ,"전동기, 발전기 및 전기 변환 · 공급 · 제어 장치 제조업",53900,-1.82,886596195100
056190,SFA,KOSDAQ GLOBAL,특수 목적용 기계 제조업,24500,-4.11,879764620000
006110,삼아알미늄,KOSPI,1차 비철금속 제조업,58000,9.64,877160390000
003470,유안타증권,KOSPI,금융 지원 서비스업,4540,-4.52,874767663080
232140,와이씨,KOSDAQ,특수 목적용 기계 제조업,10610,-4.41,870501163500
083450,GST,KOSDAQ,특수 목적용 기계 제조업,47100,-4.46,868053000000
079160,CJ CGV,KOSPI,"영화, 비디오물, 방송프로그램 제작 및 배급업",5240,-3.68,867652803040
100090,SK오션플랜트,KOSPI,1차 철강 제조업,13730,-4.92,857824711170
100790,미래에셋벤처투자,KOSDAQ,기타 금융업,16130,-7.83,856834923140
458870,씨어스,KOSDAQ,의료용 기기 제조업,22450,-6.26,854441163000
071320,지역난방공사,KOSPI,"증기, 냉·온수 및 공기조절 공급업",73700,-3.53,853353432800
099320,쎄트렉아이,KOSDAQ,"항공기,우주선 및 부품 제조업",77400,-4.91,847628917200
090710,휴림로봇,KOSDAQ,특수 목적용 기계 제조업,7030,-5.89,840499973870
213420,덕산네오룩스,KOSDAQ,전자부품 제조업,33700,-3.85,836810732300
038500,삼표시멘트,KOSDAQ GLOBAL,기타 비금속 광물제품 제조업,7710,-7.55,832034719260
285130,SK케미칼,KOSPI,합성고무 및 플라스틱 물질 제조업,47950,-4.1,829475829700
065350,신성델타테크,KOSDAQ,가정용 기기 제조업,30150,-8.91,828641032200
085660,차바이오텍,KOSDAQ,기초 의약물질 제조업,8870,-6.93,824669144020
041830,인바디,KOSDAQ,의료용 기기 제조업,61100,-5.12,823681890200
086450,동국제약,KOSDAQ GLOBAL,의약품 제조업,18200,-7.71,823193644000
281740,레이크머티리얼즈,KOSDAQ,기타 화학제품 제조업,12500,-6.72,821631850000
388720,유일로보틱스,KOSDAQ,특수 목적용 기계 제조업,69700,-5.94,821159746500
000370,한화손해보험,KOSPI,보험업,7020,0.43,819507183300
356860,티엘비,KOSDAQ,전자부품 제조업,34350,9.39,814138281000
499790,GS피앤엘,KOSPI,기타 금융업,41050,-2.96,814056023050
031330,에스에이엠티,KOSDAQ,기계장비 및 관련 물품 도매업,8100,-18.18,809960042700
036830,솔브레인홀딩스,KOSDAQ GLOBAL,회사 본부 및 경영 컨설팅 서비스업,39150,-2.0,802730856150
090360,로보스타,KOSDAQ,특수 목적용 기계 제조업,82100,-4.42,800475000000
417200,LS머트리얼즈,KOSDAQ,전자부품 제조업,11730,-5.56,793565690070
466100,클로봇,KOSDAQ,소프트웨어 개발 및 공급업,30750,-5.96,782871599250
365550,ESR켄달스퀘어리츠,KOSPI,부동산 임대 및 공급업,3175,-3.5,781332575000
036530,SNT홀딩스,KOSPI,기타 금융업,47550,-1.76,775249779300
003850,보령,KOSPI,의약품 제조업,9000,-1.85,772084863000
445680,큐리옥스바이오시스템즈,KOSDAQ,의료용 기기 제조업,44750,-11.56,769845661250
214320,이노션,KOSPI,광고업,19110,-1.14,764400000000
004490,세방전지,KOSPI,일차전지 및 이차전지 제조업,55100,-5.0,763686000000
298050,HS효성첨단소재,KOSPI,화학섬유 제조업,170100,-4.28,762039154800
032190,다우데이타,KOSDAQ,기계장비 및 관련 물품 도매업,19890,-2.98,761787000000
033100,제룡전기,KOSDAQ GLOBAL,"전동기, 발전기 및 전기 변환 · 공급 · 제어 장치 제조업",46950,-3.59,754130102550
189300,인텔리안테크,KOSDAQ,통신 및 방송 장비 제조업,69900,-11.52,750551040300
064960,SNT모티브,KOSPI,자동차 신품 부품 제조업,28050,-1.41,744454629600
137310,에스디바이오센서,KOSPI,의료용 기기 제조업,6150,-6.11,742606977300
388210,씨엠티엑스,KOSDAQ,전자부품 제조업,76800,-4.95,741460838400
003160,디아이,KOSPI,"측정, 시험, 항해, 제어 및 기타 정밀기기 제조업; 광학기기 제외",26000,0.78,735800000000
074600,원익QnC,KOSDAQ,유리 및 유리제품 제조업,27800,-4.63,730806400000
397030,에이프릴바이오,KOSDAQ,자연과학 및 공학 연구개발업,26350,-6.89,724869580700
122870,와이지엔터테인먼트,KOSDAQ GLOBAL,오디오물 출판 및 원판 녹음업,38650,-5.85,722409043850
328130,루닛,KOSDAQ,소프트웨어 개발 및 공급업,9690,-8.24,721499764200
005180,빙그레,KOSPI,동·식물성 유지 및 낙농제품 제조업,77200,-6.31,715569193200
456040,OCI,KOSPI,기초 화학물질 제조업,79800,-1.36,714409101000
137400,피엔티,KOSDAQ GLOBAL,특수 목적용 기계 제조업,30100,-9.06,713090912800
005690,파미셀,KOSPI,전자부품 제조업,11870,-0.34,712247646180
048410,현대바이오,KOSDAQ,기타 화학제품 제조업,7300,-3.44,704490675600
093320,케이아이엔엑스,KOSDAQ,"자료처리, 호스팅, 포털 및 기타 인터넷 정보매개 서비스업",144300,-3.8,704184000000
000670,영풍,KOSPI,1차 비철금속 제조업,38200,0.26,703288090600
102710,이엔에프테크놀로지,KOSDAQ,기타 화학제품 제조업,48850,-3.27,697960788600
035760,CJ ENM,KOSDAQ GLOBAL,텔레비전 방송업,31750,-7.7,696250639500
251970,펌텍코리아,KOSDAQ GLOBAL,플라스틱제품 제조업,55000,3.77,682000000000
006730,서부T&D,KOSDAQ GLOBAL,일반 및 생활 숙박시설 운영업,10570,4.45,679407076110
171090,선익시스템,KOSDAQ,특수 목적용 기계 제조업,66600,-1.33,674499891600
032500,케이엠더블유,KOSDAQ,통신 및 방송 장비 제조업,15950,-7.48,672957630950
005880,대한해운,KOSPI,해상 운송업,2075,1.97,669700730500
456160,지투지바이오,KOSDAQ,의약품 제조업,40150,-8.96,667671453900
317450,명인제약,KOSPI,의약품 제조업,45400,-4.72,662840000000
094170,동운아나텍,KOSDAQ,반도체 제조업,31600,-4.24,660753977600
069260,TKG휴켐스,KOSPI,기타 화학제품 제조업,16130,-1.35,659371624440
002960,한국쉘석유,KOSPI,석유 정제품 제조업,507000,-2.31,659100000000
253450,스튜디오드래곤,KOSDAQ GLOBAL,"영화, 비디오물, 방송프로그램 제작 및 배급업",21900,-7.2,658281106200
161580,필옵틱스,KOSDAQ,특수 목적용 기계 제조업,28050,-6.03,657555028350
041960,코미팜,KOSDAQ,의약품 제조업,8890,-3.37,656850940550
014620,성광벤드,KOSDAQ GLOBAL,1차 철강 제조업,24600,-5.57,653311154400
268280,미원에스씨,KOSPI,기초 화학물질 제조업,130500,-1.51,652500000000
093050,LF,KOSPI,봉제의복 제조업,22300,-2.62,652052000000
248070,솔루엠,KOSPI,전자부품 제조업,13580,-8.06,649344484880
094800,맵스리얼티,KOSPI,신탁업 및 집합투자업,6990,-0.14,648911973690
476060,온코닉테라퓨틱스,KOSDAQ,자연과학 및 공학 연구개발업,14250,-3.78,647061720000
293940,신한알파리츠,KOSPI,부동산 임대 및 공급업,5300,-0.38,640982651900
108320,LX세미콘,KOSPI,반도체 제조업,39400,-5.06,640813420000
002350,넥센타이어,KOSPI,고무제품 제조업,6550,-2.67,639724594350
017940,E1,KOSPI,기타 전문 도매업,92800,3.69,636608000000
053800,안랩,KOSDAQ,소프트웨어 개발 및 공급업,57200,-3.54,636436143200
001060,JW중외제약,KOSPI,의약품 제조업,27250,-5.55,634541592500
033240,자화전자,KOSPI,전자부품 제조업,29350,-4.71,634121483700
001570,금양,KOSPI,기초 화학물질 제조업,9900,0.0,633275240400
327260,RF머트리얼즈,KOSDAQ,전자부품 제조업,35150,3.69,632307690850
075580,세진중공업,KOSPI,선박 및 보트 건조업,11090,-7.27,630460467040
160190,하이젠알앤엠,KOSDAQ,"전동기, 발전기 및 전기 변환 · 공급 · 제어 장치 제조업",20400,-10.92,630115200000
383800,LX홀딩스,KOSPI,기타 금융업,8250,-0.48,629315692500
000400,롯데손해보험,KOSPI,보험업,2025,-0.98,628431048000
014820,동원시스템즈,KOSPI,플라스틱제품 제조업,21500,-2.49,623312563000
006380,카프로,KOSPI,기초 화학물질 제조업,3660,0.0,618539985360
222080,SFA넥셀,KOSDAQ GLOBAL,특수 목적용 기계 제조업,7910,-6.06,615240939040
000640,동아쏘시오홀딩스,KOSPI,기타 금융업,91300,-1.83,614679715100
044490,태웅,KOSDAQ,기타 금속 가공제품 제조업,30650,-12.93,613226227650
001680,대상,KOSPI,기타 식품 제조업,17510,-4.68,606686917750
053610,프로텍,KOSDAQ,특수 목적용 기계 제조업,66900,-3.18,602100000000
090460,비에이치,KOSPI,전자부품 제조업,17860,-2.93,602088068680
124500,아이티센글로벌,KOSDAQ,"컴퓨터 프로그래밍, 시스템 통합 및 관리업",25900,-4.07,600997249300
453340,현대그린푸드,KOSPI,종합 소매업,18390,-1.02,597152484930
295310,에이치브이엠,KOSDAQ,1차 비철금속 제조업,48850,-9.2,596466169450
122640,예스티,KOSDAQ,특수 목적용 기계 제조업,27500,-4.18,594125812500
052020,에스티큐브,KOSDAQ,기계장비 및 관련 물품 도매업,8730,-5.62,593494130430
025540,한국단자,KOSPI,"전동기, 발전기 및 전기 변환 · 공급 · 제어 장치 제조업",58600,-8.72,592739000000
225570,넥슨게임즈,KOSDAQ,소프트웨어 개발 및 공급업,8960,-5.49,590107159040
079940,가비아,KOSDAQ,소프트웨어 개발 및 공급업,43950,-1.9,589839061800
121600,나노신소재,KOSDAQ,기타 화학제품 제조업,48100,-5.5,589811387100
050890,쏠리드,KOSDAQ,통신 및 방송 장비 제조업,9690,-6.47,588730814460
019210,와이지-원,KOSDAQ,기타 금속 가공제품 제조업,15770,-13.4,586545090560
002840,미원상사,KOSPI,기타 화학제품 제조업,130300,0.7,586350000000
174900,앱클론,KOSDAQ,의료용품 및 기타 의약 관련제품 제조업,29250,-9.58,583599773250
001270,부국증권,KOSPI,금융 지원 서비스업,56100,-2.26,581750604600
023160,태광,KOSDAQ GLOBAL,1차 철강 제조업,22400,-3.45,579426220800
046890,서울반도체,KOSDAQ GLOBAL,반도체 제조업,9920,-3.41,578389568000
114090,GKL,KOSPI,유원지 및 기타 오락관련 서비스업,9330,-0.74,577113401100
059090,미코,KOSDAQ,반도체 제조업,17120,-11.52,572095239360
178920,PI첨단소재,KOSPI,플라스틱제품 제조업,19410,-2.46,570000310020
00088K,한화3우B,KOSPI,기타,29250,0.0,567579899250
006650,대한유화,KOSPI,기초 화학물질 제조업,86400,-5.47,561600000000
003620,KG모빌리티,KOSPI,자동차용 엔진 및 자동차 제조업,2770,-4.97,560578506240
100840,SNT에너지,KOSPI,일반 목적용 기계 제조업,27100,-4.75,560449219300
060250,NHN KCP,KOSDAQ,금융 지원 서비스업,13930,-8.29,559437311230
007700,F&F홀딩스,KOSPI,기타 금융업,14190,-5.02,555032867730
399720,가온칩스,KOSDAQ,반도체 제조업,46500,-4.71,551436246000
052400,코나아이,KOSDAQ GLOBAL,소프트웨어 개발 및 공급업,37650,-5.76,548307906150
490470,세미파이브,KOSDAQ,"건축기술, 엔지니어링 및 관련 기술 서비스업",16100,-11.78,547809584000
045100,한양이엔지,KOSDAQ,"건축기술, 엔지니어링 및 관련 기술 서비스업",31100,-5.04,544250000000
460930,현대힘스,KOSDAQ,선박 및 보트 건조업,15280,-2.05,542603052880
005810,풍산홀딩스,KOSPI,기타 금융업,37600,-4.69,542090179200
033500,동성화인텍,KOSDAQ,기초 화학물질 제조업,18050,4.03,541310366700
016380,KG스틸,KOSPI,1차 철강 제조업,5410,-4.92,541048132770
112040,위메이드,KOSDAQ,소프트웨어 개발 및 공급업,15900,-7.45,539780879700
211050,인카금융서비스,KOSDAQ,보험 및 연금관련 서비스업,10940,2.15,538944407580
099190,아이센스,KOSDAQ,의료용 기기 제조업,18700,1.3,537761678300
003300,한일홀딩스,KOSPI,"시멘트, 석회, 플라스터 및 그 제품 제조업",17440,1.28,537700383360
058650,세아홀딩스,KOSPI,1차 철강 제조업,125100,-2.27,530703723600
336370,솔루스첨단소재,KOSPI,전자부품 제조업,7550,-5.98,530102849900
358570,지아이이노베이션,KOSDAQ,자연과학 및 공학 연구개발업,8150,-7.6,525805448900
376900,로킷헬스케어,KOSDAQ,의료용품 및 기타 의약 관련제품 제조업,30100,-6.67,524019629000
001510,SK증권,KOSPI,금융 지원 서비스업,2265,-6.21,523883367525
086900,메디톡스,KOSDAQ,기초 의약물질 제조업,71500,-7.02,521842535500
036810,에프에스티,KOSDAQ,전자부품 제조업,24100,-12.2,521759914900
002990,금호건설,KOSPI,건물 건설업,13950,4.1,519776637300
037460,삼지전자,KOSDAQ,통신 및 방송 장비 제조업,31500,-13.1,514033443000
439960,코스모로보틱스,KOSDAQ,의료용 기기 제조업,15750,-6.08,511097359500
00104K,CJ4우(전환),KOSPI,기타,120800,-7.01,510562649600
383310,에코프로에이치엔,KOSDAQ,기타 화학제품 제조업,24300,-6.0,509690847600
033790,피노,KOSDAQ,일차전지 및 이차전지 제조업,6110,-4.98,509096729570
284740,쿠쿠홈시스,KOSPI,개인 및 가정용품 임대업,22500,3.69,504839925000
377740,바이오노트,KOSPI,의료용품 및 기타 의약 관련제품 제조업,4910,-0.41,500260495680
003545,대신증권우,KOSPI,기타,20450,-2.39,498639180300
001530,DI동일,KOSPI,상품 중개업,24000,-5.88,497174904000
008060,대덕,KOSPI,기타 금융업,15890,-6.53,497151987220
448730,삼성FN리츠,KOSPI,부동산 임대 및 공급업,5450,0.0,496222500000
253590,네오셈,KOSDAQ,특수 목적용 기계 제조업,11250,-1.75,493528095000
079900,전진건설로봇,KOSPI,특수 목적용 기계 제조업,33800,-4.52,493228021000
056080,유진로봇,KOSDAQ,특수 목적용 기계 제조업,12890,-7.93,492855414540
214430,아이쓰리시스템,KOSDAQ,전자부품 제조업,67400,-6.39,492506291000
009520,포스코엠텍,KOSDAQ GLOBAL,1차 철강 제조업,11800,-4.84,491383895400
001500,현대차증권,KOSPI,금융 지원 서비스업,7910,-4.12,489099378040
082270,젬백스,KOSDAQ,특수 목적용 기계 제조업,10970,-6.88,485633156910
015750,성우하이텍,KOSDAQ,자동차 신품 부품 제조업,6030,-3.83,482400000000
144960,뉴파워프라즈마,KOSDAQ,특수 목적용 기계 제조업,11040,-1.16,482366568960
039130,하나투어,KOSPI,여행사 및 기타 여행보조 서비스업,31100,-4.89,481736885200
009410,태영건설,KOSPI,토목 건설업,1615,-1.28,480607975970
348370,엔켐,KOSDAQ,기초 화학물질 제조업,21900,-12.05,479850768600
460860,동국제강,KOSPI,1차 철강 제조업,9660,-2.03,479213444220
219130,타이거일렉,KOSDAQ,전자부품 제조업,75800,-6.77,478623182000
126340,비나텍,KOSDAQ,일차전지 및 이차전지 제조업,66600,-8.64,478215572400
101160,월덱스,KOSDAQ,전자부품 제조업,28850,1.41,476342148050
425420,티에프이,KOSDAQ,전자부품 제조업,38500,3.08,475366468500
010780,아이에스동서,KOSPI,"시멘트, 석회, 플라스터 및 그 제품 제조업",15730,-5.98,474841132480
477850,마키나락스,KOSDAQ,소프트웨어 개발 및 공급업,26700,-6.48,474051451200
005250,녹십자홀딩스,KOSPI,회사 본부 및 경영 컨설팅 서비스업,10080,-6.23,474044356800
017900,광전자,KOSPI,반도체 제조업,8170,-4.11,473400543710
161000,애경케미칼,KOSPI,기초 화학물질 제조업,9720,1.78,472865451480
000070,삼양홀딩스,KOSPI,기타 금융업,60900,1.16,472778331900
034310,NICE,KOSPI,회사 본부 및 경영 컨설팅 서비스업,12860,-1.0,472697039020
145990,삼양사,KOSPI,기타 식품 제조업,45700,0.33,471324619300
064290,인텍플러스,KOSDAQ,특수 목적용 기계 제조업,36250,17.31,469712202500
027360,아주IB투자,KOSDAQ,기타 금융업,3870,-5.61,468832721220
002240,고려제강,KOSPI,1차 철강 제조업,17360,-1.87,468720000000
003280,흥아해운,KOSPI,해상 운송업,1934,12.9,464981754666
005389,현대차3우B,KOSPI,기타,199600,-2.16,464559419200
090435,아모레퍼시픽우,KOSPI,기타,43900,-1.68,463488737000
034950,한국기업평가,KOSDAQ,기타 사업지원 서비스업,102000,-0.87,463132428000
368770,파이버프로,KOSDAQ,"측정, 시험, 항해, 제어 및 기타 정밀기기 제조업; 광학기기 제외",14090,5.62,462916030250
005945,NH투자증권우,KOSPI,기타,24500,-1.61,462338716000
365340,성일하이텍,KOSDAQ,기초 화학물질 제조업,35750,-6.9,461929861250
336570,원텍,KOSDAQ,의료용 기기 제조업,5090,-4.14,454438488140
484870,엠앤씨솔루션,KOSPI,특수 목적용 기계 제조업,16530,-7.24,453941901000
104830,원익머트리얼즈,KOSDAQ,기초 화학물질 제조업,35900,-1.78,452627200000
067160,SOOP,KOSDAQ GLOBAL,소프트웨어 개발 및 공급업,39350,-5.18,452319081450
004690,삼천리,KOSPI,연료용 가스 제조 및 배관공급업,124300,-0.32,450808381100
332570,PS일렉트로닉스,KOSDAQ,전자부품 제조업,9650,-8.44,450766582950
024850,HLB이노베이션,KOSDAQ,전자부품 제조업,14150,3.28,449312647600
249420,일동제약,KOSPI,의약품 제조업,14170,-6.78,448314030840
077360,덕산하이메탈,KOSDAQ,반도체 제조업,9860,-0.5,448008839720
035890,서희건설,KOSDAQ,건물 건설업,2155,2.86,447353295080
376300,디어유,KOSDAQ,소프트웨어 개발 및 공급업,18810,-5.0,446519416860
475960,토모큐브,KOSDAQ,사진장비 및 광학기기 제조업,32700,-9.67,440670889800
417310,코람코더원리츠,KOSPI,부동산 임대 및 공급업,10890,-0.37,439956000000
278280,천보,KOSDAQ,기초 화학물질 제조업,35850,-5.16,439270946250
009900,명신산업,KOSPI,자동차 신품 부품 제조업,8360,2.96,438650311880
025980,아난티,KOSDAQ,일반 및 생활 숙박시설 운영업,4500,13.92,437854455000
019170,신풍제약,KOSPI,의약품 제조업,8350,-5.01,437694658700
018290,브이티,KOSDAQ,기타 화학제품 제조업,12520,-3.62,437471811760
125490,한라캐스트,KOSDAQ,자동차 신품 부품 제조업,11870,-5.72,433282918240
004700,조광피혁,KOSPI,"가죽, 가방 및 유사제품 제조업",65100,-0.61,432858883800
072710,농심홀딩스,KOSPI,기타 금융업,93000,0.0,431314470000
033640,네패스,KOSDAQ,반도체 제조업,18610,2.42,429131749220
014830,유니드,KOSPI,기초 화학물질 제조업,63400,-0.78,429065840000
002810,삼영무역,KOSPI,기타 전문 도매업,23200,-1.49,428433193600
357120,코람코라이프인프라리츠,KOSPI,부동산 임대 및 공급업,4360,0.0,424382143440
272290,이녹스첨단소재,KOSDAQ GLOBAL,전자부품 제조업,21250,-6.39,423672066250
486990,노타,KOSDAQ,소프트웨어 개발 및 공급업,19750,-5.95,422500492500
030520,한컴,KOSDAQ,소프트웨어 개발 및 공급업,17400,-6.4,420727545600
001200,유진투자증권,KOSPI,금융 지원 서비스업,4325,-4.1,418947257850
092230,KPX홀딩스,KOSPI,기초 화학물질 제조업,98200,5.59,414860237200
003000,부광약품,KOSPI,의약품 제조업,4200,-4.87,414391618200
003030,세아제강지주,KOSPI,기타 금융업,99600,-7.78,412509037200
389470,인벤티지랩,KOSDAQ,자연과학 및 공학 연구개발업,30500,-4.98,405885094000
004710,한솔테크닉스,KOSPI,전자부품 제조업,7630,-3.78,405304203710
016610,DB증권,KOSPI,금융 지원 서비스업,9500,-4.23,403240695500
016590,신대양제지,KOSPI,"골판지, 종이 상자 및 종이용기 제조업",10000,-0.7,402978200000
005420,코스모화학,KOSPI,기타 화학제품 제조업,10470,-2.7,402134147160
241770,메카로,KOSDAQ,반도체 제조업,39400,-2.72,401590016000
029530,신도리코,KOSPI,컴퓨터 및 주변장치 제조업,41300,-4.29,401259607700
042000,카페24,KOSDAQ,"자료처리, 호스팅, 포털 및 기타 인터넷 정보매개 서비스업",16570,-7.12,400632260330
170920,엘티씨,KOSDAQ,기초 화학물질 제조업,37900,-0.92,400380375400
271940,일진하이솔루스,KOSPI,그외 기타 운송장비 제조업,11000,-4.35,399445090000
105630,한세실업,KOSPI,봉제의복 제조업,9970,9.08,398800000000
236200,슈프리마,KOSDAQ,통신 및 방송 장비 제조업,57100,-5.62,398233158100
078130,국일제지,KOSDAQ,기타 종이 및 판지 제품 제조업,3530,-1.53,397974272110
452260,한화갤러리아,KOSPI,종합 소매업,2045,-3.76,396442902450
403550,쏘카,KOSPI,운송장비 임대업,10430,-3.52,395713595060
344820,KCC글라스,KOSPI,유리 및 유리제품 제조업,24700,-2.18,394471646400
027410,BGF,KOSPI,기타 금융업,4115,-1.91,393874594965
001940,KISCO홀딩스,KOSPI,1차 철강 제조업,27700,-0.72,392685726000
078160,메디포스트,KOSDAQ,기초 의약물질 제조업,10000,-3.85,392046030000
095660,네오위즈,KOSDAQ,소프트웨어 개발 및 공급업,18110,-5.18,391836272490
317400,자이에스앤디,KOSPI,부동산 임대 및 공급업,10100,0.7,391703452000
950210,프레스티지바이오파마,KOSPI,자연과학 및 공학 연구개발업,6500,-9.72,390625007500
067630,HLB생명과학,KOSDAQ,의료용품 및 기타 의약 관련제품 제조업,3200,1.27,390134585600
008730,율촌화학,KOSPI,플라스틱제품 제조업,15630,3.58,387624000000
015360,INVENI,KOSPI,회사 본부 및 경영 컨설팅 서비스업,14210,-1.11,387222500000
041190,우리기술투자,KOSDAQ,기타 금융업,4585,-6.71,385140000000
306200,세아제강,KOSPI,1차 철강 제조업,135000,1.66,382900500000
089010,켐트로닉스,KOSDAQ,기타 화학제품 제조업,22700,-2.99,380679612900
029460,케이씨,KOSPI,"측정, 시험, 항해, 제어 및 기타 정밀기기 제조업; 광학기기 제외",34500,-0.43,380208457500
033160,엠케이전자,KOSDAQ,전자부품 제조업,15670,-0.82,379127282220
089890,코세스,KOSDAQ,특수 목적용 기계 제조업,22850,-3.99,378966381700
002030,아세아,KOSPI,회사 본부 및 경영 컨설팅 서비스업,183600,-1.66,378005227200
372320,큐로셀,KOSDAQ,자연과학 및 공학 연구개발업,24600,-5.93,374587939200
078340,컴투스,KOSDAQ GLOBAL,소프트웨어 개발 및 공급업,30950,-3.58,374226137350
031430,신세계인터내셔날,KOSPI,"섬유, 의복, 신발 및 가죽제품 소매업",10690,-2.91,374000340000
215200,메가스터디교육,KOSDAQ,일반 교습 학원,36050,-2.57,373666036800
078020,LS증권,KOSDAQ,금융 지원 서비스업,6720,-2.61,372833596800
290550,디케이티,KOSDAQ,전자부품 제조업,18580,-7.01,371622853400
194370,제이에스코퍼레이션,KOSPI,"가죽, 가방 및 유사제품 제조업",12800,-2.36,371414502400
013030,하이록코리아,KOSDAQ,1차 철강 제조업,31500,-6.39,370696536000
448900,한국피아이엠,KOSDAQ,자동차 신품 부품 제조업,61000,-15.98,370541877000
025320,시노펙스,KOSDAQ,전자부품 제조업,4010,-10.29,369571436530
348210,넥스틴,KOSDAQ,특수 목적용 기계 제조업,35200,-1.68,368790576000
130660,한전산업,KOSPI,"건축기술, 엔지니어링 및 관련 기술 서비스업",11280,-5.84,367728000000
003800,에이스침대,KOSDAQ,가구 제조업,33150,-0.6,367633500000
080580,오킨스전자,KOSDAQ,전자부품 제조업,17400,4.57,366982617000
060280,큐렉소,KOSDAQ,기타 상품 전문 소매업,8880,-8.17,366386935200
060980,HL홀딩스,KOSPI,기타 금융업,40200,-2.19,364969649400
170900,동아에스티,KOSPI,의약품 제조업,37500,-2.6,364795537500
064260,다날,KOSDAQ,소프트웨어 개발 및 공급업,4810,-4.94,363854648170
002020,코오롱,KOSPI,기타 금융업,28150,-0.35,363351192000
092730,네오팜,KOSDAQ,기타 화학제품 제조업,22650,-6.6,363033950850
007690,국도화학,KOSPI,기초 화학물질 제조업,39150,4.12,362561572800
200710,에이디테크놀로지,KOSDAQ,반도체 제조업,26850,-11.53,361454887950
006910,보성파워텍,KOSDAQ,"구조용 금속제품, 탱크 및 증기발생기 제조업",7330,-7.33,360121609920
104700,한국철강,KOSPI,1차 철강 제조업,9870,-0.6,359761500000
011760,현대코퍼레이션,KOSPI,상품 종합 도매업,27050,-1.64,357843530300
126560,현대퓨처넷,KOSPI,전기 통신업,3270,-0.3,357087400800
005950,이수화학,KOSPI,기초 화학물질 제조업,13570,-13.29,356811873330
092190,서울바이오시스,KOSDAQ,반도체 제조업,7740,5.74,355021284420
101930,인화정공,KOSDAQ,선박 및 보트 건조업,7760,-6.28,354590646960
468530,프로티나,KOSDAQ,자연과학 및 공학 연구개발업,32100,-14.63,354230176800
204620,글로벌텍스프리,KOSDAQ,금융 지원 서비스업,5030,-4.19,353525149900
069080,웹젠,KOSDAQ GLOBAL,소프트웨어 개발 및 공급업,11400,-3.72,353018955000
097520,엠씨넥스,KOSPI,영상 및 음향기기 제조업,20200,-3.35,351510300000
183190,아세아시멘트,KOSPI,"시멘트, 석회, 플라스터 및 그 제품 제조업",9770,-1.81,351507717440
036620,감성코퍼레이션,KOSDAQ,기타 전문 도매업,3910,-9.91,351364111040
017810,풀무원,KOSPI,기타 식품 제조업,9210,-6.02,351090191820
025900,동화기업,KOSDAQ,나무제품 제조업,6940,-9.4,350867557900
455900,엔젤로보틱스,KOSDAQ,특수 목적용 기계 제조업,22650,-1.31,348651019650
078350,한양디지텍,KOSDAQ,반도체 제조업,22850,-2.97,348334128700
006220,제주은행,KOSPI,은행 및 저축기관,9200,-1.5,347746724400
114810,한솔아이원스,KOSDAQ,특수 목적용 기계 제조업,12300,4.41,346161040200
020000,한섬,KOSPI,봉제의복 제조업,16080,-1.65,345350063520
356680,엑스게이트,KOSDAQ,소프트웨어 개발 및 공급업,12070,-6.22,344519948440
039440,에스티아이,KOSDAQ,특수 목적용 기계 제조업,22150,-6.54,343481091050
101730,위메이드맥스,KOSDAQ,소프트웨어 개발 및 공급업,4095,-8.18,343174456170
005610,삼립,KOSPI,기타 식품 제조업,39700,-4.22,342571657300
093520,매커스,KOSDAQ,기계장비 및 관련 물품 도매업,28450,6.36,338607262650
330860,네패스아크,KOSDAQ,"그외 기타 전문, 과학 및 기술 서비스업",27750,-5.29,338107248750
0120G0,삼양바이오팜,KOSPI,의약품 제조업,45450,-5.21,337960291500
024720,콜마홀딩스,KOSPI,기타 금융업,9840,-4.0,337475188560
199800,툴젠,KOSDAQ,자연과학 및 공학 연구개발업,37500,-3.23,337411087500
011930,신성이엔지,KOSPI,반도체 제조업,16600,-1.72,337082621200
206650,유바이오로직스,KOSDAQ,의약품 제조업,9150,0.22,336283609050
200880,서연이화,KOSPI,자동차 신품 부품 제조업,12420,-4.83,335693187540
02826K,삼성물산우B,KOSPI,기타,228000,0.0,334610520000
145720,덴티움,KOSPI,의료용 기기 제조업,38750,-4.79,334175776250
089590,제주항공,KOSPI,항공 여객 운송업,4125,-3.85,332644063125
015860,일진홀딩스,KOSPI,기타 금융업,6700,-3.6,330628136100
160980,싸이맥스,KOSDAQ,특수 목적용 기계 제조업,30250,-9.97,330458350750
005720,넥센,KOSPI,고무제품 제조업,6280,0.16,329976175560
026890,스틱인베스트먼트,KOSPI,신탁업 및 집합투자업,8490,-1.96,329164406130
006405,삼성SDI우,KOSPI,기타,202000,-5.61,326814992000
016800,퍼시스,KOSPI,가구 제조업,28350,3.47,326025000000
417840,저스템,KOSDAQ,특수 목적용 기계 제조업,14150,4.27,323601741150
441270,파인엠텍,KOSDAQ,전자부품 제조업,7660,-12.36,322057400020
381970,케이카,KOSPI,자동차 판매업,6590,-15.08,321729388320
091810,트리니티항공,KOSPI,항공 여객 운송업,626,0.0,319592067334
192650,드림텍,KOSPI,전자부품 제조업,4850,-6.73,319551120650
061970,LB세미콘,KOSDAQ,반도체 제조업,5500,18.15,319456533000
009160,SIMPAC,KOSPI,1차 철강 제조업,4885,-2.3,319337178680
110990,디아이티,KOSDAQ,특수 목적용 기계 제조업,16870,-5.54,318843000000
000157,두산2우B,KOSPI,기타,356500,0.42,318368047000
117730,티로보틱스,KOSDAQ,특수 목적용 기계 제조업,14000,-6.29,315812602000
287840,인투셀,KOSDAQ,자연과학 및 공학 연구개발업,20950,-5.84,314710062000
098120,마이크로컨텍솔,KOSDAQ,전자부품 제조업,37800,29.9,314222554800
217590,티엠씨,KOSPI,절연선 및 케이블 제조업,13010,-4.06,313465867250
010820,퍼스텍,KOSPI,무기 및 총포탄 제조업,6420,-2.58,313115841960
126720,수산인더스트리,KOSPI,전기 및 통신 공사업,21800,-4.39,311434800000
107640,한중엔시에스,KOSDAQ,"전동기, 발전기 및 전기 변환 · 공급 · 제어 장치 제조업",34200,-10.94,310021153200
018250,애경산업,KOSPI,기타 화학제품 제조업,11680,-2.1,308468040800
069540,빛과전자,KOSDAQ,통신 및 방송 장비 제조업,2730,-7.14,307648878810
092460,한라IMS,KOSDAQ,선박 및 보트 건조업,17920,-3.14,306605465600
108670,LX하우시스,KOSPI,플라스틱제품 제조업,34100,-0.15,305797547000
002310,아세아제지,KOSPI,"골판지, 종이 상자 및 종이용기 제조업",7750,-0.51,305733702500
001230,동국홀딩스,KOSPI,기타 금융업,1965,0.72,305572659975
092790,넥스틸,KOSPI,1차 철강 제조업,11750,-9.06,305523500000
265520,AP시스템,KOSDAQ,특수 목적용 기계 제조업,20250,-1.22,304779125250
159010,아스플로,KOSDAQ,일반 목적용 기계 제조업,22850,-1.93,304698786150
482630,삼양엔씨켐,KOSDAQ,기타 화학제품 제조업,13900,-6.08,304247092000
009290,광동제약,KOSPI,의약품 제조업,6100,-3.48,303778828800
376270,HEM파마,KOSDAQ,자연과학 및 공학 연구개발업,42000,-7.39,303204174000
243070,휴온스,KOSDAQ,의약품 제조업,25300,-3.07,303085524500
900290,GRT,KOSDAQ,기타 금융업,3625,-6.57,302725722000
488900,비츠로넥스텍,KOSDAQ,"항공기,우주선 및 부품 제조업",10440,-6.2,302514064920
121440,골프존홀딩스,KOSDAQ,상품 중개업,7050,-1.81,301999566900
092870,엑시콘,KOSDAQ,특수 목적용 기계 제조업,23100,8.96,301473410700
096760,JW홀딩스,KOSPI,기타 금융업,4075,-1.45,301244138650
393890,더블유씨피,KOSDAQ,일차전지 및 이차전지 제조업,8890,-4.61,300865550160
228760,지노믹트리,KOSDAQ,자연과학 및 공학 연구개발업,12070,-9.25,300050568140
084110,휴온스글로벌,KOSDAQ,의약품 제조업,23700,-7.06,300037544400
078520,에이블씨엔씨,KOSPI,기타 화학제품 제조업,11500,-3.04,299162851500
001750,한양증권,KOSPI,금융 지원 서비스업,19790,-0.1,299016727940
049070,인탑스,KOSDAQ,통신 및 방송 장비 제조업,18160,-8.33,298997263120
036200,유니셈,KOSDAQ,특수 목적용 기계 제조업,9750,11.3,298976174250
200670,휴메딕스,KOSDAQ,의약품 제조업,26600,-2.92,298716138000
244920,에이플러스에셋,KOSPI,보험 및 연금관련 서비스업,13180,0.61,297969393740
043150,바텍,KOSDAQ,의료용 기기 제조업,20050,-3.84,297827832800
168360,펨트론,KOSDAQ,특수 목적용 기계 제조업,13280,-3.07,297373156960
001390,KG케미칼,KOSPI,기초 화학물질 제조업,4415,-2.54,296833827450
012030,DB,KOSPI,"컴퓨터 프로그래밍, 시스템 통합 및 관리업",1471,-3.22,295926855443
079370,제우스,KOSDAQ,특수 목적용 기계 제조업,9540,-6.74,295902084600
025860,남해화학,KOSPI,"비료, 농약 및 살균, 살충제 제조업",5920,0.85,294098750560
037710,광주신세계,KOSPI,종합 소매업,38500,-3.27,293646122000
010690,화신,KOSPI,자동차 신품 부품 제조업,8400,-7.39,293331444000
051500,CJ프레시웨이,KOSDAQ,음·식료품 및 담배 도매업,24700,-0.6,293228174200
042520,한스바이오메드,KOSDAQ,의료용품 및 기타 의약 관련제품 제조업,20550,-2.38,293071091850
215600,신라젠,KOSDAQ,자연과학 및 공학 연구개발업,2115,-2.98,293040787860
002900,TYM,KOSPI,특수 목적용 기계 제조업,7050,-4.47,291870000000
232530,이엠티,KONEX,일차전지 및 이차전지 제조업,11390,3.55,291746922560
054950,제이브이엠,KOSDAQ,일반 목적용 기계 제조업,24100,0.0,291366397200
033270,유나이티드제약,KOSPI,의약품 제조업,18300,-0.33,291167182500
035810,이지홀딩스,KOSDAQ,동물용 사료 및 조제식품 제조업,4505,-0.77,290645413425
123890,한국자산신탁,KOSPI,신탁업 및 집합투자업,2375,-1.25,290638074250
472850,폰드그룹,KOSDAQ,"섬유, 의복, 신발 및 가죽제품 소매업",5030,-1.95,289585409560
025770,한국정보통신,KOSDAQ,전기 통신업,7710,-4.22,288695329410
098070,한텍,KOSDAQ,"구조용 금속제품, 탱크 및 증기발생기 제조업",25900,-9.44,288037551900
017890,한국알콜,KOSDAQ,기타 화학제품 제조업,13910,-4.0,287568468460
034830,한국토지신탁,KOSPI,신탁업 및 집합투자업,1138,-2.15,287332743740
475560,더본코리아,KOSPI,상품 종합 도매업,19360,21.84,287069499200
047920,HLB제약,KOSDAQ,자연과학 및 공학 연구개발업,8740,-0.68,286666371440
099440,스맥,KOSDAQ,특수 목적용 기계 제조업,4165,-3.14,284233736010
136480,하림,KOSDAQ,"도축, 육류 가공 및 저장 처리업",2675,-1.29,284110952850
084010,대한제강,KOSPI,1차 철강 제조업,8250,-4.95,283565667000
010955,S-Oil우,KOSPI,기타,70500,0.71,283545853500
286940,롯데이노베이트,KOSPI,"컴퓨터 프로그래밍, 시스템 통합 및 관리업",18740,-1.63,283524337580
004430,송원산업,KOSPI,기타 화학제품 제조업,11800,-0.17,283200000000
462350,이노스페이스,KOSDAQ,"항공기,우주선 및 부품 제조업",8340,-4.47,282572310480
298000,효성화학,KOSPI,기초 화학물질 제조업,74500,-2.36,282489919500
084690,대상홀딩스,KOSPI,기타 금융업,7800,-2.62,282457796400
352480,씨앤씨인터내셔널,KOSDAQ,기타 화학제품 제조업,20700,-3.27,282138950700
036890,진성티이씨,KOSDAQ,특수 목적용 기계 제조업,12800,-11.66,282017574400
439090,마녀공장,KOSDAQ,기타 화학제품 제조업,17200,-5.13,281964072000
025560,미래산업,KOSPI,"측정, 시험, 항해, 제어 및 기타 정밀기기 제조업; 광학기기 제외",10150,-0.29,281953581700
091700,파트론,KOSDAQ,전자부품 제조업,5630,-3.26,281500000000
058430,포스코스틸리온,KOSPI,1차 철강 제조업,4685,-0.53,281100000000
389650,넥스트바이오메디컬,KOSDAQ,의료용 기기 제조업,33850,-9.25,280186131100
036800,나이스정보통신,KOSDAQ,전기 통신업,6150,9.24,279825000000
003960,사조대림,KOSPI,수산물 가공 및 저장 처리업,30450,-3.79,279058020150
377450,리파인,KOSDAQ,기타 정보 서비스업,16010,17.89,277453300000
424870,이뮨온시아,KOSDAQ,자연과학 및 공학 연구개발업,3030,-7.62,276752652270
234340,헥토파이낸셜,KOSDAQ,금융 지원 서비스업,19780,-5.58,276339575680
138080,오이솔루션,KOSDAQ,통신 및 방송 장비 제조업,22300,-5.51,276024003400
008490,서흥,KOSPI,기타 화학제품 제조업,23850,-4.02,275923345050
200130,콜마비앤에이치,KOSDAQ GLOBAL,기초 의약물질 제조업,9370,-6.77,275623778460
017390,서울가스,KOSPI,연료용 가스 제조 및 배관공급업,55400,-1.07,274230000000
035600,KG이니시스,KOSDAQ,소프트웨어 개발 및 공급업,9920,-2.36,273339985280
005430,한국공항,KOSPI,기타 운송관련 서비스업,86200,0.0,272939801000
105840,우진,KOSPI,"측정, 시험, 항해, 제어 및 기타 정밀기기 제조업; 광학기기 제외",13400,-7.14,270648778000
003120,일성아이에스,KOSPI,의약품 제조업,20300,-1.22,269990000000
484590,삼양컴텍,KOSDAQ,무기 및 총포탄 제조업,6520,-2.69,268692134000
309710,아이티켐,KOSDAQ,기초 의약물질 제조업,21000,0.0,268443021000
267980,매일유업,KOSDAQ,동·식물성 유지 및 낙농제품 제조업,35000,2.34,268227330000
272450,진에어,KOSPI,항공 여객 운송업,5130,-3.57,267786000000
180400,DXVX,KOSDAQ,기타 과학기술 서비스업,2720,-0.91,267728055040
019010,베뉴지,KOSDAQ,종합 소매업,5550,29.82,267510000000
003650,미창석유,KOSPI,석유 정제품 제조업,153300,4.0,266691717600
151860,KG에코솔루션,KOSDAQ,자동차 차체나 트레일러 제조업,5600,-3.78,266576811200
005680,삼영전자,KOSPI,전자부품 제조업,13310,-7.18,266200000000
122900,아이마켓코리아,KOSPI,상품 종합 도매업,7960,-0.13,266093566400
182400,엔케이젠바이오텍코리아,KOSDAQ,기초 의약물질 제조업,3670,0.0,265496721770
348340,뉴로메카,KOSDAQ,특수 목적용 기계 제조업,21300,-9.75,264314916300
023410,유진기업,KOSDAQ,"시멘트, 석회, 플라스터 및 그 제품 제조업",3385,-3.15,261697271255
334890,이지스밸류플러스리츠,KOSPI,부동산 임대 및 공급업,3745,0.0,260085317835
002710,TCC스틸,KOSPI,1차 철강 제조업,9910,-5.17,259777737270
085910,네오티스,KOSDAQ,자동차 신품 부품 제조업,18810,1.95,259480526580
389500,에스비비테크,KOSDAQ,일반 목적용 기계 제조업,38850,-5.47,258875887200
060720,KH바텍,KOSDAQ,전자부품 제조업,10930,-8.46,258794441060
445090,에이직랜드,KOSDAQ,반도체 제조업,23600,0.21,257845528800
493280,아이엠바이오로직스,KOSDAQ,자연과학 및 공학 연구개발업,17300,-9.09,256672297700
484810,티엑스알로보틱스,KOSDAQ,일반 목적용 기계 제조업,16590,-5.15,256330679850
121800,비덴트,KOSDAQ,통신 및 방송 장비 제조업,3320,0.0,256309348520
018000,유니슨,KOSDAQ,일반 목적용 기계 제조업,987,-1.3,256124806308
003070,코오롱글로벌,KOSPI,토목 건설업,10050,-1.86,255510787950
000430,대원강업,KOSPI,자동차 신품 부품 제조업,4120,0.86,255440000000
200470,에이팩트,KOSDAQ,반도체 제조업,6010,-0.99,254596178930
004360,세방,KOSPI,도로 화물 운송업,13300,-0.6,254237519900
064820,케이프,KOSDAQ,선박 및 보트 건조업,8210,-4.76,253362365150
377460,큐에이드,KOSDAQ,개인 및 가정용품 수리업,4080,0.0,253187202960
092200,디아이씨,KOSPI,자동차 신품 부품 제조업,6510,-1.06,253164584190
481070,에이유브랜즈,KOSDAQ,"섬유, 의복, 신발 및 가죽제품 소매업",17660,-11.66,253072215000
003200,일신방직,KOSPI,방적 및 가공사 제조업,10970,-2.32,251871200000
404990,신한서부티엔디리츠,KOSPI,부동산 임대 및 공급업,4100,-0.49,251813656500
100120,뷰웍스,KOSDAQ,의료용 기기 제조업,28050,-6.19,251648078550
003920,남양유업,KOSPI,동·식물성 유지 및 낙농제품 제조업,44350,-0.11,251617374450
446540,메가터치,KOSDAQ,일차전지 및 이차전지 제조업,8640,6.67,251243519040
061090,세나테크놀로지,KOSDAQ,통신 및 방송 장비 제조업,45900,1.44,250960545000
108860,셀바스AI,KOSDAQ,소프트웨어 개발 및 공급업,9320,-5.95,250845842800
007160,사조산업,KOSPI,수산물 가공 및 저장 처리업,50100,1.21,250500000000
003350,한국화장품제조,KOSPI,기타 화학제품 제조업,11050,-4.08,250393000000
456010,아이씨티케이,KOSDAQ,반도체 제조업,17260,-8.34,250310561000
340570,티앤엘,KOSDAQ,의료용품 및 기타 의약 관련제품 제조업,30750,-5.82,249936000000
389260,대명에너지,KOSDAQ,건물 건설업,13870,-4.87,248499427750
448280,에코아이,KOSDAQ,기타 전문 서비스업,8380,-1.41,248308861020
065680,우주일렉트로,KOSDAQ,전자부품 제조업,26650,5.13,246258552150
134380,미원화학,KOSPI,기타 화학제품 제조업,11160,2.67,245438308800
237880,클리오,KOSDAQ,기타 화학제품 제조업,13500,-5.13,243963265500
102940,코오롱생명과학,KOSDAQ,기초 의약물질 제조업,18600,0.76,243485215800
136490,선진,KOSPI,동물용 사료 및 조제식품 제조업,10220,-2.2,243027552880
365270,큐라클,KOSDAQ,자연과학 및 공학 연구개발업,10960,-10.31,242840632320
217730,강스템바이오텍,KOSDAQ,기초 의약물질 제조업,2580,-10.88,242659704420
226320,잇츠한불,KOSPI,기타 화학제품 제조업,10990,0.46,241003171850
091580,상신이디피,KOSDAQ,일차전지 및 이차전지 제조업,18080,-1.09,240974199520
0011T0,채비,KOSDAQ,"전동기, 발전기 및 전기 변환 · 공급 · 제어 장치 제조업",5130,-3.02,240851401830
394280,오픈엣지테크놀로지,KOSDAQ,소프트웨어 개발 및 공급업,9120,-11.97,240280353600
073490,LIG아큐버,KOSDAQ,통신 및 방송 장비 제조업,31450,-3.23,239140956700
304360,에스바이오메딕스,KOSDAQ,의약품 제조업,19290,-5.44,238909119120
475400,씨메스로보틱스,KOSDAQ,특수 목적용 기계 제조업,20200,-6.26,238499258800
001790,대한제당,KOSPI,"곡물가공품, 전분 및 전분제품 제조업",2765,-0.9,238458894975
025000,KPX케미칼,KOSPI,기초 화학물질 제조업,54400,7.72,238201769600
003720,삼영,KOSPI,플라스틱제품 제조업,7000,-3.05,238000000000
900140,엘브이엠씨홀딩스,KOSPI,자동차 판매업,1230,-0.65,237685731360
002320,한진,KOSPI,도로 화물 운송업,15290,-1.35,237279638640
206640,바디텍메드,KOSDAQ,의료용품 및 기타 의약 관련제품 제조업,10830,-4.16,237262784430
043370,피에이치에이,KOSDAQ,자동차 신품 부품 제조업,11290,-2.25,237090000000
005500,삼진제약,KOSPI,의약품 제조업,17790,-3.52,236962800000
114190,강원에너지,KOSDAQ,기타 전기장비 제조업,9060,-7.27,236674724280
034120,SBS,KOSPI,텔레비전 방송업,12740,5.99,236342772120
298690,에어부산,KOSPI,항공 여객 운송업,1448,-2.62,235900734656
011560,세보엠이씨,KOSDAQ,건물설비 설치 공사업,23300,-2.71,234977517600
0030R0,대신밸류리츠,KOSPI,신탁업 및 집합투자업,3930,-0.88,234935400000
000680,LS네트웍스,KOSPI,상품 종합 도매업,2980,-2.3,234832987680
024840,KBI메탈,KOSDAQ,1차 비철금속 제조업,5430,-5.57,234358191840
028100,동아지질,KOSPI,기반조성 및 시설물 축조관련 전문공사업,17490,-1.3,234182389980
044450,KSS해운,KOSPI,해상 운송업,10130,-2.22,233859964400
000050,경방,KOSPI,종합 소매업,8530,-4.16,233852253100
036030,케이티알파,KOSDAQ,상품 중개업,4760,-0.31,233331111160
348950,제이알글로벌리츠,KOSPI,부동산 임대 및 공급업,1182,0.0,233298432000
461300,아이스크림미디어,KOSDAQ,소프트웨어 개발 및 공급업,17490,-3.9,233210488170
001460,BYC,KOSPI,봉제의복 제조업,37300,-2.86,232981395000
030210,다올투자증권,KOSPI,금융 지원 서비스업,3815,-2.68,232375869390
254490,미래반도체,KOSDAQ,기타 전문 도매업,16090,-5.69,232307420000
000490,대동,KOSPI,특수 목적용 기계 제조업,8050,-3.01,232056263250
099430,바이오플러스,KOSDAQ,기초 의약물질 제조업,3735,2.19,230228096670
089980,상아프론테크,KOSDAQ,플라스틱제품 제조업,14390,-4.58,230082242430
003520,영진약품,KOSPI,의약품 제조업,1256,-3.98,229713270136
314930,바이오다인,KOSDAQ,의료용 기기 제조업,7710,-6.32,229481234130
065710,서호전기,KOSDAQ,"전동기, 발전기 및 전기 변환 · 공급 · 제어 장치 제조업",44550,0.11,229432500000
086390,유니테스트,KOSDAQ,특수 목적용 기계 제조업,10850,2.07,229305267100
001340,PKC,KOSPI,기초 화학물질 제조업,5090,-0.78,229192973010
000320,노루홀딩스,KOSPI,기타 금융업,17160,0.82,228076151160
318060,그래피,KOSDAQ,합성고무 및 플라스틱 물질 제조업,20350,-0.25,227659051950
094360,칩스앤미디어,KOSDAQ,반도체 제조업,10640,-5.42,227220115360
298830,슈어소프트테크,KOSDAQ,소프트웨어 개발 및 공급업,4250,-5.66,227198620750
123330,제닉,KOSDAQ,기타 화학제품 제조업,28500,4.4,227107380000
378340,필에너지,KOSDAQ,특수 목적용 기계 제조업,10490,-6.42,227044322180
187660,페니트리움바이오,KOSDAQ,자연과학 및 공학 연구개발업,4085,-5.66,226579643505
042370,비츠로테크,KOSDAQ,기타 금융업,8640,-5.68,226368216000
452430,사피엔반도체,KOSDAQ,반도체 제조업,27350,-4.04,225785764350
005710,대원산업,KOSDAQ,자동차 신품 부품 제조업,11250,-1.4,225423000000
000650,천일고속,KOSPI,육상 여객 운송업,157500,-2.23,225102150000
419530,SAMG엔터,KOSDAQ,"영화, 비디오물, 방송프로그램 제작 및 배급업",21900,-8.18,223540680300
051905,LG생활건강우,KOSPI,기타,106500,-3.62,223251583500
001250,GS글로벌,KOSPI,상품 종합 도매업,2700,-2.7,222841162800
033920,무학,KOSPI,알코올음료 제조업,7810,-2.74,222585000000
950170,JTC,KOSDAQ,종합 소매업,4290,0.7,221991832920
432320,KB스타리츠,KOSPI,부동산 임대 및 공급업,1469,0.48,221472734665
314130,지놈앤컴퍼니,KOSDAQ,기초 의약물질 제조업,4230,-8.44,221226567750
014940,오리엔탈정공,KOSDAQ,일반 목적용 기계 제조업,4850,-4.15,221032255850
112290,와이씨켐,KOSDAQ,기타 화학제품 제조업,10930,-3.45,221016513700
000540,흥국화재,KOSPI,보험업,3440,-0.58,220994698800
452280,한선엔지니어링,KOSDAQ,기타 금속 가공제품 제조업,11480,-6.29,220963251600
144510,지씨셀,KOSDAQ,"그외 기타 전문, 과학 및 기술 서비스업",13980,-4.25,220888809120
068930,디지털대성,KOSDAQ,일반 교습 학원,7980,-0.99,220849229160
009680,모토닉,KOSPI,자동차 신품 부품 제조업,10150,-0.78,220590904100
0008Z0,에스엔시스,KOSDAQ,"전동기, 발전기 및 전기 변환 · 공급 · 제어 장치 제조업",23350,-5.47,220343769400
000480,CR홀딩스,KOSPI,"내화, 비내화 요업제품 제조업",4695,0.0,220150850550
071200,인피니트헬스케어,KOSDAQ,소프트웨어 개발 및 공급업,9020,-13.93,220056051160
0001A0,덕양에너젠,KOSDAQ,연료용 가스 제조 및 배관공급업,8640,-3.14,220051831680
194700,노바렉스,KOSDAQ,기타 식품 제조업,12010,-17.51,219240724480
044820,코스맥스비티아이,KOSPI,기타 금융업,22750,-16.36,218489202750
290690,아리바이오홀딩스,KOSDAQ,전구 및 조명장치 제조업,4125,-3.06,218457636375
215000,골프존,KOSDAQ,소프트웨어 개발 및 공급업,34800,-4.0,218384442000
241520,DSC인베스트먼트,KOSDAQ,신탁업 및 집합투자업,8200,-3.64,218120000000
317330,덕산테코피아,KOSDAQ,기타 화학제품 제조업,10640,-5.25,217870853760
459510,나우로보틱스,KOSDAQ,특수 목적용 기계 제조업,16770,-4.72,217647466140
194480,데브시스터즈,KOSDAQ,소프트웨어 개발 및 공급업,17760,-9.62,215413704000
036710,심텍홀딩스,KOSDAQ,회사 본부 및 경영 컨설팅 서비스업,4075,-2.28,215273097550
095500,미래나노텍,KOSDAQ,플라스틱제품 제조업,6930,-7.6,214899293070
052330,코텍,KOSDAQ,영상 및 음향기기 제조업,12090,-2.11,214737611010
484120,도우인시스,KOSDAQ,전자부품 제조업,19590,-7.16,214655896980
017860,DS단석,KOSPI,기타 화학제품 제조업,12080,-2.89,214530399120
037270,YG PLUS,KOSPI,"자료처리, 호스팅, 포털 및 기타 인터넷 정보매개 서비스업",3360,-3.31,213908049600
053030,바이넥스,KOSDAQ,의약품 제조업,6540,-9.42,213754589520
005010,휴스틸,KOSPI,1차 철강 제조업,3800,-5.82,213514685000
067390,아스트,KOSDAQ,"항공기,우주선 및 부품 제조업",506,0.0,213105734974
354320,알멕,KOSDAQ,1차 비철금속 제조업,33250,-1.04,212513418250
045390,대아티아이,KOSDAQ,기타 전기장비 제조업,3015,13.99,212477231655
03473K,SK우,KOSPI,기타,375000,2.6,212300625000
203650,드림시큐리티,KOSDAQ,소프트웨어 개발 및 공급업,2085,-4.36,212053849140
023760,한국캐피탈,KOSDAQ,기타 금융업,670,0.0,211458415920
353810,이지바이오,KOSDAQ,동물용 사료 및 조제식품 제조업,6380,1.43,211062649600
058970,엠로,KOSDAQ,소프트웨어 개발 및 공급업,17070,1.61,211032893580
011500,한농화성,KOSPI,기타 화학제품 제조업,13460,-3.58,210474585320
115450,HLB테라퓨틱스,KOSDAQ,기타 전문 도매업,2375,-1.45,210377758875
416180,신성에스티,KOSDAQ,자동차 신품 부품 제조업,23200,1.09,209722849600
425040,티이엠씨,KOSDAQ,기초 화학물질 제조업,9540,-4.89,209144446920
018310,삼목에스폼,KOSDAQ,"구조용 금속제품, 탱크 및 증기발생기 제조업",14200,-3.99,208740000000
294570,쿠콘,KOSDAQ,기타 정보 서비스업,20650,-0.48,208394265800
272110,케이엔제이,KOSDAQ,반도체 제조업,25950,-1.33,208259000250
064850,에프앤가이드,KOSDAQ,기타 정보 서비스업,18220,-3.14,207896249040
003555,LG우,KOSPI,기타,68900,-1.57,207471611100
380540,옵티코어,KOSDAQ,마그네틱 및 광학 매체 제조업,8450,0.0,206658126350
013580,계룡건설,KOSPI,토목 건설업,23100,6.94,206303951700
035150,백산,KOSPI,플라스틱제품 제조업,10400,-2.26,205619221600
243840,신흥에스이씨,KOSDAQ,일차전지 및 이차전지 제조업,5320,-2.21,205129810200
088260,이리츠코크렙,KOSPI,부동산 임대 및 공급업,3215,0.31,203643211850
013120,동원개발,KOSDAQ,건물 건설업,2240,-2.18,203410144000
100250,진양홀딩스,KOSPI,플라스틱제품 제조업,3180,-0.16,203202000000
450950,아스테라시스,KOSDAQ,의료용 기기 제조업,5400,-10.74,203188996800
095570,AJ네트웍스,KOSPI,산업용 기계 및 장비 임대업,4475,-1.0,202506096525
046970,우리로,KOSDAQ,기타 전문 도매업,4605,-6.12,201814120395
004980,성신양회,KOSPI,"시멘트, 석회, 플라스터 및 그 제품 제조업",8230,-1.2,201767280790
001630,종근당홀딩스,KOSPI,의약품 제조업,40200,-1.95,201396412200
304100,솔트룩스,KOSDAQ,소프트웨어 개발 및 공급업,15800,-7.6,198982909000
039570,HDC랩스,KOSPI,전기 및 통신 공사업,7660,-1.79,198835223660
094480,갤럭시아머니트리,KOSDAQ,소프트웨어 개발 및 공급업,5060,-4.35,198502980280
084850,아이티엠반도체,KOSDAQ,전자부품 제조업,8730,0.0,198022013820
034810,해성산업,KOSDAQ,기타 금융업,6260,-3.1,197691751520
036190,금화피에스시,KOSDAQ,전기 및 통신 공사업,32900,-3.94,197400000000
004310,현대약품,KOSPI,의약품 제조업,6130,-2.85,196160000000
049630,재영솔루텍,KOSDAQ,사진장비 및 광학기기 제조업,8390,-7.09,196033516210
001130,대한제분,KOSPI,"곡물가공품, 전분 및 전분제품 제조업",11590,-1.78,195871000000
042420,네오위즈홀딩스,KOSDAQ,소프트웨어 개발 및 공급업,23950,0.0,195007677850
230240,에치에프알,KOSDAQ,통신 및 방송 장비 제조업,14600,-5.87,194311400000
007860,서연,KOSPI,기타 금융업,8270,-2.36,194178309880
033530,SJG세종,KOSPI,자동차 신품 부품 제조업,7170,0.99,193964983830
053690,한미글로벌,KOSPI,"건축기술, 엔지니어링 및 관련 기술 서비스업",17680,-6.36,193729484000
053210,스카이라이프,KOSPI,텔레비전 방송업,4070,-2.75,193418426850
128820,대성산업,KOSPI,연료 소매업,4270,-2.95,193155491060
036560,KZ정밀,KOSDAQ,일반 목적용 기계 제조업,12240,-1.69,192780000000
000140,하이트진로홀딩스,KOSPI,기타 금융업,8300,-1.66,192616149500
125020,티씨머티리얼즈,KOSDAQ,절연선 및 케이블 제조업,5480,-13.56,192011254000
190510,나무가,KOSDAQ,전자부품 제조업,13630,-6.19,191982870710
339770,교촌에프앤비,KOSPI,음·식료품 및 담배 도매업,3830,-1.16,191366256400
003547,대신증권2우B,KOSPI,기타,19920,-0.65,191364786720
377190,디앤디플랫폼리츠,KOSPI,부동산 임대 및 공급업,2160,-1.82,190944000000
049430,코메론,KOSDAQ,"측정, 시험, 항해, 제어 및 기타 정밀기기 제조업; 광학기기 제외",21050,-2.55,190460400000
067080,대화제약,KOSDAQ,의약품 제조업,10190,-4.77,189703663500
357550,석경에이티,KOSDAQ,기초 화학물질 제조업,34750,-1.56,189561250000
117580,대성에너지,KOSPI,연료용 가스 제조 및 배관공급업,6890,0.29,189475000000
264850,이랜시스,KOSDAQ,전자부품 제조업,6250,-7.82,189341325000
0082N0,카나프테라퓨틱스,KOSDAQ,자연과학 및 공학 연구개발업,14220,-8.49,189134247600
035510,신세계 I&C,KOSPI,"컴퓨터 프로그래밍, 시스템 통합 및 관리업",13460,-2.32,188182914000
086820,바이오솔루션,KOSDAQ,기초 의약물질 제조업,7250,8.7,187949616250
102260,동성케미컬,KOSPI,합성고무 및 플라스틱 물질 제조업,3700,-2.63,187477486700
388050,지투파워,KOSDAQ,"전동기, 발전기 및 전기 변환 · 공급 · 제어 장치 제조업",10020,-4.02,187468558740
214180,헥토이노베이션,KOSDAQ,기타 정보 서비스업,14420,-2.37,187364352140
016790,현대사료,KOSDAQ,동물용 사료 및 조제식품 제조업,994,0.0,187340898626
382800,지앤비에스 에코,KOSDAQ,특수 목적용 기계 제조업,5880,-6.37,187166521080
394800,쓰리빌리언,KOSDAQ,자연과학 및 공학 연구개발업,5880,-5.62,187116611640
078150,HB테크놀러지,KOSDAQ,특수 목적용 기계 제조업,2015,-5.84,186822570740
016580,환인제약,KOSPI,의약품 제조업,10040,-0.99,186744702800
241590,화승엔터프라이즈,KOSPI,신발 및 신발 부분품 제조업,3080,-2.69,186614970080
102460,이연제약,KOSPI,의약품 제조업,10020,-0.89,186239846220
307180,아이엘,KOSDAQ,전구 및 조명장치 제조업,5030,-1.37,185685850280
270660,에브리봇,KOSDAQ,가정용 기기 제조업,14600,-3.44,185282511800
119830,아이텍,KOSDAQ,"그외 기타 전문, 과학 및 기술 서비스업",6980,2.65,185238981280
126600,BGF에코머티리얼즈,KOSDAQ,합성고무 및 플라스틱 물질 제조업,2940,-1.34,184534683060
005960,동부건설,KOSPI,토목 건설업,8040,-2.9,184491170520
083310,엘오티베큠,KOSDAQ,특수 목적용 기계 제조업,10330,13.39,183977640890
0015G0,그린광학,KOSDAQ,사진장비 및 광학기기 제조업,15690,-7.05,183612868290
004380,삼익THK,KOSPI,일반 목적용 기계 제조업,8870,-1.33,183609000000
176750,듀켐바이오,KOSDAQ,의약품 제조업,6440,-2.13,183467356800
039830,오로라,KOSDAQ,전문디자인업,17020,-26.16,183184387800
066620,국보디자인,KOSDAQ,실내건축 및 건축마무리 공사업,24350,-3.37,182625000000
064550,바이오니아,KOSDAQ,의료용품 및 기타 의약 관련제품 제조업,7070,-2.08,182478757370
053300,한국정보인증,KOSDAQ,소프트웨어 개발 및 공급업,4495,-3.75,182456976520
204610,티쓰리,KOSDAQ,소프트웨어 개발 및 공급업,3280,-1.94,182240801600
192440,슈피겐코리아,KOSDAQ,그외 기타 제품 제조업,29300,3.17,182139435900
213500,한솔제지,KOSPI,"펄프, 종이 및 판지 제조업",7640,-2.43,181836400640
002100,경농,KOSPI,"비료, 농약 및 살균, 살충제 제조업",9310,0.43,181755173250
012860,모베이스전자,KOSDAQ,자동차 신품 부품 제조업,2475,-3.51,181252806075
138610,나이벡,KOSDAQ,의료용품 및 기타 의약 관련제품 제조업,15910,-6.41,180861586630
004560,현대비앤지스틸,KOSPI,1차 철강 제조업,11990,-3.23,180794943890
143240,사람인,KOSDAQ,"자료처리, 호스팅, 포털 및 기타 인터넷 정보매개 서비스업",16840,-1.29,180739190040
234080,JW생명과학,KOSPI,의약품 제조업,11390,-1.56,180355570060
054210,이랜텍,KOSDAQ,전자부품 제조업,7130,-11.87,180326327300
052710,아모텍,KOSDAQ,전자부품 제조업,12330,-8.12,180172692180
012210,삼미금속,KOSDAQ,기타 금속 가공제품 제조업,7810,-1.39,180032831990
293780,압타바이오,KOSDAQ,자연과학 및 공학 연구개발업,6400,3.56,179797792000
006805,미래에셋증권우,KOSPI,기타,12770,-4.84,179747327500
016450,한세예스24홀딩스,KOSPI,봉제의복 제조업,4485,1.93,179400000000
094820,일진파워,KOSDAQ,전기 및 통신 공사업,11880,-6.9,179135062920
308430,셀비온,KOSDAQ,의약품 제조업,13860,-7.6,178866778860
003460,유화증권,KOSPI,금융 지원 서비스업,3150,-2.78,178612607250
003610,방림,KOSPI,직물직조 및 직물제품 제조업,5540,-0.36,177893710120
016880,웅진,KOSPI,기타 금융업,2220,2.07,177438117600
260870,SK시그넷,KONEX,"전동기, 발전기 및 전기 변환 · 공급 · 제어 장치 제조업",8160,0.12,176865935520
001780,알루코,KOSPI,1차 비철금속 제조업,1822,-3.6,176424500504
002150,도화엔지니어링,KOSPI,"건축기술, 엔지니어링 및 관련 기술 서비스업",5220,-0.57,176018400000
402030,코난테크놀로지,KOSDAQ,소프트웨어 개발 및 공급업,14010,-5.66,175370006880
001080,만호제강,KOSPI,1차 철강 제조업,4220,-0.59,175130000000
003220,대원제약,KOSPI,의약품 제조업,7760,-2.51,174038044080
000300,DH오토넥스,KOSPI,자동차 신품 부품 제조업,4200,0.0,174035631000
487570,HS효성,KOSPI,기타 금융업,46700,-2.51,174000790900
256840,한국비엔씨,KOSDAQ,기초 의약물질 제조업,2540,-5.58,173723010440
222040,코스맥스엔비티,KOSDAQ,기타 식품 제조업,8380,-11.79,172862640000
015230,대창단조,KOSPI,자동차 신품 부품 제조업,6350,2.42,172361987000
013890,지누스,KOSPI,가구 제조업,7860,-2.48,172336890180
108380,대양전기공업,KOSDAQ,선박 및 보트 건조업,18010,-2.01,172307667330
010580,에스엠벡셀,KOSPI,자동차 신품 부품 제조업,1545,-2.28,171883969200
220100,퓨쳐켐,KOSDAQ,의약품 제조업,7660,-9.24,171794037200
000390,SP삼화,KOSPI,기타 화학제품 제조업,6300,-0.16,171381854700
024060,흥구석유,KOSDAQ,기타 전문 도매업,11400,6.24,171000000000
082800,비보존 제약,KOSDAQ,의약품 제조업,2805,-6.34,170318663130
464080,에스오에스랩,KOSDAQ,"측정, 시험, 항해, 제어 및 기타 정밀기기 제조업; 광학기기 제외",9480,-4.91,170137986600
199820,제일일렉트릭,KOSDAQ,"전동기, 발전기 및 전기 변환 · 공급 · 제어 장치 제조업",7650,-4.26,169983000000
372170,윤성에프앤씨,KOSDAQ,특수 목적용 기계 제조업,21300,-8.58,169953722400
002170,SYTS,KOSPI,"가죽, 가방 및 유사제품 제조업",56500,-0.53,169500000000
092130,이크레더블,KOSDAQ,기타 정보 서비스업,14070,-2.16,169453452000
014710,사조씨푸드,KOSPI,수산물 가공 및 저장 처리업,9830,0.51,169258277690
475040,스트라드비젼,KOSDAQ,소프트웨어 개발 및 공급업,3175,-3.5,169085063150
179290,엠아이텍,KOSDAQ,의료용 기기 제조업,5220,-2.79,168948839160
041920,메디아나,KOSDAQ,의료용 기기 제조업,9060,-8.67,168499900380
119610,인터로조,KOSDAQ,의료용 기기 제조업,14760,-3.21,168466905720
000700,유수홀딩스,KOSPI,회사 본부 및 경영 컨설팅 서비스업,6440,3.04,167709269280
068790,DMS,KOSDAQ,특수 목적용 기계 제조업,7430,2.06,167696764320
187870,디바이스,KOSDAQ,특수 목적용 기계 제조업,12150,-5.45,167306229000
093190,빅솔론,KOSDAQ,컴퓨터 및 주변장치 제조업,8690,-3.66,167186084450
143160,아이디스,KOSDAQ,통신 및 방송 장비 제조업,15600,-0.64,167175684000
083930,아바코,KOSDAQ,특수 목적용 기계 제조업,11390,-2.23,167173866110
245620,EDGC,KOSDAQ,자연과학 및 공학 연구개발업,741,0.0,167118555474
080160,모두투어,KOSDAQ,여행사 및 기타 여행보조 서비스업,8820,-4.13,166698000000
123860,아나패스,KOSDAQ,반도체 제조업,13730,0.29,166454487950
007570,일양약품,KOSPI,의약품 제조업,8720,0.35,166426990080
138360,앤로보틱스,KOSDAQ,특수 목적용 기계 제조업,1891,-11.43,166358709194
950140,잉글우드랩,KOSDAQ,기타 화학제품 제조업,8360,-9.13,166095359760
101530,해태제과식품,KOSPI,기타 식품 제조업,5700,-3.06,165965885400
036170,에이치엠넥스,KOSDAQ,반도체 제조업,2700,-4.09,165687190200
097955,CJ제일제당 우,KOSPI,기타,124700,-0.87,165530895100
489460,바이오비쥬,KOSDAQ,기타 화학제품 제조업,11200,-8.27,165236814400
494120,큐리오시스,KOSDAQ,사진장비 및 광학기기 제조업,10800,-7.69,164805451200
038390,레드캡투어,KOSDAQ,여행사 및 기타 여행보조 서비스업,9820,-0.61,164198472040
403850,더핑크퐁컴퍼니,KOSDAQ,"영화, 비디오물, 방송프로그램 제작 및 배급업",11420,-0.7,163888534200
199430,케이엔알시스템,KOSDAQ,"측정, 시험, 항해, 제어 및 기타 정밀기기 제조업; 광학기기 제외",14620,-7.47,163700768660
090350,노루페인트,KOSPI,기타 화학제품 제조업,8170,4.08,163400000000
077500,유니퀘스트,KOSPI,기계장비 및 관련 물품 도매업,7550,11.03,163080770100
002210,동성제약,KOSPI,의약품 제조업,1685,-0.18,162803869295
126730,코칩,KOSDAQ,전자부품 제조업,18540,-7.16,162598136040
001045,CJ우,KOSPI,기타,71900,-2.57,162510033700
023910,대한약품,KOSDAQ,의약품 제조업,26800,0.37,160800000000
039840,디오,KOSDAQ,의료용 기기 제조업,11980,-2.52,160721619440
264450,유비쿼스,KOSDAQ,통신 및 방송 장비 제조업,10920,-3.36,160147183560
066410,버킷스튜디오,KOSDAQ,전기 통신업,1153,0.0,159637252154
400760,NH올원리츠,KOSPI,부동산 임대 및 공급업,2905,-1.36,159569543875
046070,코다코,KOSDAQ,자동차 신품 부품 제조업,10280,0.0,159196994920
104480,티케이케미칼,KOSDAQ,화학섬유 제조업,1750,-1.13,159067009500
078070,유비쿼스홀딩스,KOSDAQ,기타 금융업,9320,-3.82,158988416760
046120,오르비텍,KOSDAQ,기타 과학기술 서비스업,4680,-6.59,158443426440
072870,메가스터디,KOSDAQ,"서적, 잡지 및 기타 인쇄물 출판업",13290,-0.3,158429545110
189330,씨이랩,KOSDAQ,소프트웨어 개발 및 공급업,16880,-5.01,158372953920
000860,강남제비스코,KOSPI,기타 화학제품 제조업,12150,-0.41,157950000000
234690,녹십자웰빙,KOSDAQ,의약품 제조업,8790,-4.97,157897319100
032620,GC메디아이,KOSDAQ,소프트웨어 개발 및 공급업,3020,-0.98,157635359780
003830,대한화섬,KOSPI,화학섬유 제조업,118700,0.68,157633600000
460850,동국씨엠,KOSPI,1차 철강 제조업,5270,-2.23,157565917120
126700,하이비젼시스템,KOSDAQ,사진장비 및 광학기기 제조업,10540,-5.89,157489860480
462520,조선내화,KOSPI,"내화, 비내화 요업제품 제조업",13280,-2.64,157436631040
009470,삼화전기,KOSPI,전자부품 제조업,23800,-6.11,157408916000
054800,아이디스홀딩스,KOSDAQ,기타 전문 서비스업,15210,-2.69,157389368760
445180,퓨릿,KOSDAQ,기초 화학물질 제조업,9140,3.28,157109178320
051160,지어소프트,KOSDAQ,소프트웨어 개발 및 공급업,10130,-2.6,156755975900
011040,경동제약,KOSDAQ,의약품 제조업,5090,-0.59,156613018940
216080,제테마,KOSDAQ,의료용품 및 기타 의약 관련제품 제조업,4200,-1.52,156605815800
274090,켄코아에어로스페이스,KOSDAQ,"항공기,우주선 및 부품 제조업",11340,-4.55,156199507380
086670,비엠티,KOSDAQ,일반 목적용 기계 제조업,15680,-4.68,155637876800
046440,KG파이낸셜,KOSDAQ,소프트웨어 개발 및 공급업,4090,-2.62,155464180180
355150,코스텍시스,KOSDAQ,반도체 제조업,19930,-4.18,155401185500
011785,금호석유화학우,KOSPI,기타,51200,-3.4,154802483200
122990,와이솔,KOSDAQ,전자부품 제조업,5810,-4.28,154773060610
065660,안트로젠,KOSDAQ,기타 전문 도매업,15420,-3.5,154294062000
123410,코리아에프티,KOSDAQ,자동차 신품 부품 제조업,5540,-4.32,154239494560
071840,롯데하이마트,KOSPI,가전제품 및 정보통신장비 소매업,6510,0.0,153686205120
000970,한국주철관,KOSPI,1차 철강 제조업,6740,-0.3,153675370000
013990,아가방컴퍼니,KOSDAQ,생활용품 도매업,4670,-6.04,153584793120
382900,범한퓨얼셀,KOSDAQ,"전동기, 발전기 및 전기 변환 · 공급 · 제어 장치 제조업",17530,-4.99,153580330000
293480,하나제약,KOSPI,의약품 제조업,8630,-3.9,153380523980
389020,자람테크놀로지,KOSDAQ,반도체 제조업,22150,-3.49,152947566300
092070,디엔에프,KOSDAQ,기타 화학제품 제조업,13190,-7.11,152632807020
007330,푸른저축은행,KOSDAQ,은행 및 저축기관,10100,0.0,152336280000
051370,인터플렉스,KOSDAQ,전자부품 제조업,6520,-10.93,152095117440
024800,유성티엔에스,KOSDAQ,육상 여객 운송업,4310,0.0,151821344700
041520,이엘씨,KOSDAQ,"측정, 시험, 항해, 제어 및 기타 정밀기기 제조업; 광학기기 제외",12450,-2.28,151749688500
025820,이구산업,KOSPI,1차 비철금속 제조업,4530,-0.44,151492260000
088800,에이스테크,KOSDAQ,통신 및 방송 장비 제조업,2005,-4.98,151390400170
272550,삼양패키징,KOSPI,플라스틱제품 제조업,9990,-0.6,150533375940
023600,삼보판지,KOSDAQ,"펄프, 종이 및 판지 제조업",9400,3.52,150478020000
140610,엔솔바이오사이언스,KONEX,자연과학 및 공학 연구개발업,10460,-2.97,150377164920
212560,네오오토,KOSDAQ,자동차 신품 부품 제조업,11070,-10.22,149293872360
474650,링크솔루션,KOSDAQ,특수 목적용 기계 제조업,25850,-4.96,148690027200
101970,우양에이치씨,KOSDAQ,"구조용 금속제품, 탱크 및 증기발생기 제조업",10050,4.25,148639590450
00279K,아모레퍼시픽홀딩스3우C,KOSPI,기타,20950,-3.9,148581590000
041020,폴라리스오피스,KOSDAQ,소프트웨어 개발 및 공급업,2985,-3.71,148306122105
054450,텔레칩스,KOSDAQ,반도체 제조업,9770,-3.93,147959156410
260970,에스앤디,KOSDAQ,기타 식품 제조업,51000,-9.73,147530454000
418550,제이오,KOSDAQ,"건축기술, 엔지니어링 및 관련 기술 서비스업",4605,-6.12,147441384165
004970,신라교역,KOSPI,어로 어업,9210,-2.64,147360000000
039860,나노엔텍,KOSDAQ,의료용 기기 제조업,3865,-4.09,147229649845
271980,제일약품,KOSPI,의약품 제조업,9970,-0.99,146607573840
079960,동양이엔피,KOSDAQ,"전동기, 발전기 및 전기 변환 · 공급 · 제어 장치 제조업",19400,-8.27,146502165200
084990,헬릭스미스,KOSDAQ,자연과학 및 공학 연구개발업,3170,-2.76,146114166490
310200,애니플러스,KOSDAQ,"영화, 비디오물, 방송프로그램 제작 및 배급업",2795,-0.18,145795126620
126640,화신정공,KOSDAQ,자동차 신품 부품 제조업,4145,-6.12,145306746950
147830,제룡산업,KOSDAQ,"구조용 금속제품, 탱크 및 증기발생기 제조업",7260,0.55,145200000000
469610,이노테크,KOSDAQ,특수 목적용 기계 제조업,16210,-9.84,144964409000
000020,동화약품,KOSPI,의약품 제조업,5190,-2.26,144964329300
114840,아이패밀리에스씨,KOSDAQ,기타 화학제품 제조업,8690,-6.56,144961235650
334970,프레스티지바이오로직스,KOSDAQ,의약품 제조업,1856,-6.92,144308894272
048870,시너지이노베이션,KOSDAQ,의료용 기기 제조업,1629,-2.63,143526242727
005990,매일홀딩스,KOSDAQ,동·식물성 유지 및 낙농제품 제조업,10790,0.19,143488700160
067280,멀티캠퍼스,KOSDAQ,기타 교육기관,24200,-3.39,143428051800
338840,와이바이오로직스,KOSDAQ,자연과학 및 공학 연구개발업,9320,-8.9,143217466920
251370,와이엠티,KOSDAQ,기초 화학물질 제조업,7930,-10.29,142844779090
049960,쎌바이오텍,KOSDAQ,기초 의약물질 제조업,15180,-2.32,142692000000
153890,져스텍,KOSDAQ,"전동기, 발전기 및 전기 변환 · 공급 · 제어 장치 제조업",11820,-8.94,142434605100
005160,동국산업,KOSDAQ,1차 철강 제조업,2625,-2.23,142391765250
003480,한진중공업홀딩스,KOSPI,연료용 가스 제조 및 배관공급업,4820,-0.82,142333693840
0039P0,매드업,KOSDAQ,광고업,7560,-7.35,142183944000
060150,인선이엔티,KOSDAQ,폐기물 처리업,3110,-1.11,141702833320
293580,나우IB,KOSDAQ,기타 금융업,1488,-1.52,141255765600
081000,일진다이아,KOSPI,기타 화학제품 제조업,9930,-1.19,141035541750
003010,혜인,KOSPI,기계장비 및 관련 물품 도매업,11080,14.34,140857236760
004090,한국석유,KOSPI,기타 비금속 광물제품 제조업,11090,1.46,140777790800
015890,태경산업,KOSPI,기초 화학물질 제조업,4810,-1.43,140590287500
462860,더즌,KOSDAQ,전기 통신업,1956,-4.12,140355758988
094280,효성ITX,KOSPI,기타 사업지원 서비스업,12120,-0.08,140085384000
012610,경인양행,KOSPI,기초 화학물질 제조업,3365,-0.59,140039068225
001540,안국약품,KOSDAQ,의약품 제조업,10720,-9.38,139814742400
000520,삼일제약,KOSPI,의약품 제조업,6430,-4.88,139478344730
300080,플리토,KOSDAQ,"자료처리, 호스팅, 포털 및 기타 인터넷 정보매개 서비스업",8450,-3.21,139471060950
106190,하이텍팜,KOSDAQ,기초 의약물질 제조업,13110,11.57,139400898030
322310,오로스테크놀로지,KOSDAQ,특수 목적용 기계 제조업,14840,-6.55,138999483280
255220,SG,KOSDAQ,기타 비금속 광물제품 제조업,1268,-6.07,138926266936
089600,KT나스미디어,KOSDAQ,광고업,12000,-0.66,138817956000
101360,에코앤드림,KOSDAQ,일차전지 및 이차전지 제조업,7800,-4.88,138731689200
0007C0,아크릴,KOSDAQ,소프트웨어 개발 및 공급업,17260,0.12,138603392240
004150,한솔홀딩스,KOSPI,기타 금융업,3375,-3.02,138464842500
093640,케이알엠,KOSDAQ,반도체 제조업,4215,-0.12,138436262940
040350,크레오에스지,KOSDAQ,"컴퓨터 프로그래밍, 시스템 통합 및 관리업",6970,-5.17,138397686120
020120,키다리스튜디오,KOSPI,"자료처리, 호스팅, 포털 및 기타 인터넷 정보매개 서비스업",3715,-3.26,137691890690
102120,어보브반도체,KOSDAQ,반도체 제조업,7730,-6.42,137445220690
003100,선광,KOSDAQ,기타 운송관련 서비스업,20700,-4.39,136620000000
069510,에스텍,KOSDAQ,영상 및 음향기기 제조업,12510,-0.4,136484100000
205500,넥써쓰,KOSDAQ,소프트웨어 개발 및 공급업,1677,-1.18,136482720465
086890,이수앱지스,KOSDAQ,의료용품 및 기타 의약 관련제품 제조업,3330,-2.92,135780556860
038290,마크로젠,KOSDAQ,"그외 기타 전문, 과학 및 기술 서비스업",12520,-2.57,135734328000
032580,피델릭스,KOSDAQ,반도체 제조업,4095,1.11,135675802080
226590,엠디바이스,KOSDAQ,전자부품 제조업,12640,-0.24,135460149760
405100,큐알티,KOSDAQ,"그외 기타 전문, 과학 및 기술 서비스업",11010,-6.93,135305204010
489500,엘케이켐,KOSDAQ,기타 화학제품 제조업,21100,-2.54,134855121800
035080,그래디언트,KOSDAQ,무점포 소매업,11790,-1.59,134774838360
263860,지니언스,KOSDAQ,소프트웨어 개발 및 공급업,14840,-2.24,134741264000
408920,메쎄이상,KOSDAQ,기타 사업지원 서비스업,3100,0.0,134020610500
217950,파마리서치바이오,KONEX,의약품 제조업,32000,0.0,133863680000
049720,고려신용정보,KOSDAQ,기타 사업지원 서비스업,9360,-1.58,133848000000
321550,티움바이오,KOSDAQ,자연과학 및 공학 연구개발업,4450,-8.81,133671213750
451760,컨텍,KOSDAQ,"컴퓨터 프로그래밍, 시스템 통합 및 관리업",8080,-4.94,133382813920
118990,모트렉스,KOSDAQ,자동차 신품 부품 제조업,5430,-5.24,133237924530
142210,유니트론텍,KOSDAQ,자동차 부품 및 내장품 판매업,6420,-4.61,133224007260
042600,새로닉스,KOSDAQ,전자부품 제조업,10720,-4.63,133180713280
009270,신원,KOSPI,봉제의복 제조업,1160,8.41,133133655880
264660,씨앤지하이테크,KOSDAQ,특수 목적용 기계 제조업,13690,-2.84,133082844680
006060,화승인더,KOSPI,상품 종합 도매업,2405,-4.37,133044600000
047770,코데즈컴바인,KOSDAQ,봉제의복 제조업,3510,30.0,132827533020
232680,라온로보틱스,KOSDAQ,특수 목적용 기계 제조업,10000,-4.21,132575000000
107590,미원홀딩스,KOSPI,기타 금융업,57000,1.79,132240000000
014280,금강공업,KOSPI,1차 철강 제조업,4500,0.45,131982106500
413630,씨피시스템,KOSDAQ,플라스틱제품 제조업,3615,-4.11,131718327075
322510,제이엘케이,KOSDAQ,소프트웨어 개발 및 공급업,5120,-1.54,131716567040
240550,동방메디컬,KOSDAQ,의료용 기기 제조업,6290,-5.41,131674482600
394420,리센스메디컬,KOSDAQ,의료용 기기 제조업,11960,1.96,131556423960
340450,지씨지놈,KOSDAQ,"그외 기타 전문, 과학 및 기술 서비스업",5560,-1.07,131498409080
024090,디씨엠,KOSPI,1차 철강 제조업,11500,0.35,131100000000
388790,라이콤,KOSDAQ,통신 및 방송 장비 제조업,4275,2.15,130875534000
004080,신흥,KOSPI,기계장비 및 관련 물품 도매업,14050,0.07,130665000000
013520,화승코퍼레이션,KOSPI,자동차 신품 부품 제조업,2610,-4.04,130633767720
210540,디와이파워,KOSPI,특수 목적용 기계 제조업,11810,-1.58,130402571480
008350,남선알미늄,KOSPI,1차 비철금속 제조업,1010,-1.85,130369880900
457550,우진엔텍,KOSDAQ,"그외 기타 전문, 과학 및 기술 서비스업",13960,-8.22,130092653680
417500,제이아이테크,KOSDAQ,기타 화학제품 제조업,3965,1.67,129991509960
018470,조일알미늄,KOSPI,1차 비철금속 제조업,1026,-2.19,129924145746
140670,알에스오토메이션,KOSDAQ,전자부품 제조업,10100,-6.83,129682384000
136540,윈스테크넷,KOSDAQ,"컴퓨터 프로그래밍, 시스템 통합 및 관리업",10530,-1.4,129305725380
146320,비씨엔씨,KOSDAQ,반도체 제조업,10100,-0.79,129259022300
432720,퀄리타스반도체,KOSDAQ,반도체 제조업,9100,-5.01,129106905200
289080,SV인베스트먼트,KOSDAQ,기타 금융업,2140,-2.28,128695818620
011690,와이투솔루션,KOSPI,반도체 제조업,3505,-7.03,128648900970
080420,모다이노칩,KOSDAQ,"섬유, 의복, 신발 및 가죽제품 소매업",1613,-1.1,128590976286
002390,한독,KOSPI,의약품 제조업,9340,-2.71,128551398220
007540,샘표,KOSPI,기타 금융업,44700,-2.51,128548260000
214420,토니모리,KOSPI,기타 화학제품 제조업,5340,-8.87,128452626660
220260,켐트로스,KOSDAQ,기타 화학제품 제조업,4005,-1.96,128448580275
037560,LG헬로비전,KOSPI,텔레비전 방송업,1658,-3.49,128406902170
059120,아진엑스텍,KOSDAQ,반도체 제조업,7000,-7.53,128170462000
478340,나라스페이스테크놀로지,KOSDAQ,"항공기,우주선 및 부품 제조업",11060,-7.83,127965670980
267290,경동도시가스,KOSPI,연료용 가스 제조 및 배관공급업,21700,0.23,127930310200
418420,라온텍,KOSDAQ,전자부품 제조업,4155,-3.03,127868288490
004960,한신공영,KOSPI,건물 건설업,11050,-5.47,127856257100
361390,제노코,KOSDAQ,통신 및 방송 장비 제조업,13120,-6.95,127741318720
095190,신화프리텍,KOSDAQ,기타 금속 가공제품 제조업,1952,-1.21,127388421824
487400,케이앤에스아이앤씨,KOSDAQ,통신 및 방송 장비 제조업,12400,-16.55,127234936800
297890,HB솔루션,KOSDAQ,특수 목적용 기계 제조업,1738,-3.98,127118908532
048550,SM C&C,KOSDAQ,광고업,1312,-3.53,126889581440
089470,HDC현대EP,KOSPI,기타 화학제품 제조업,3975,-1.61,126802500000
350520,이지스레지던스리츠,KOSPI,부동산 임대 및 공급업,3425,-0.72,126266741850
094840,슈프리마에이치큐,KOSDAQ,통신 및 방송 장비 제조업,12860,3.21,126106561740
035610,솔본,KOSDAQ,회사 본부 및 경영 컨설팅 서비스업,4610,-8.53,126065046170
242040,나무에이엑스,KOSDAQ,소프트웨어 개발 및 공급업,3640,-5.7,125966800960
009780,엠에스씨,KOSDAQ,기타 식품 제조업,7150,-1.52,125840000000
086980,쇼박스,KOSDAQ,"영화, 비디오물, 방송프로그램 제작 및 배급업",2015,-1.71,125812570000
036690,코맥스,KOSDAQ,통신 및 방송 장비 제조업,2885,0.0,125692107675
267320,나인테크,KOSDAQ,특수 목적용 기계 제조업,2185,-2.46,125452419575
396300,세아메카닉스,KOSDAQ,기타 금속 가공제품 제조업,4735,-1.87,125427782500
053080,케이엔솔,KOSDAQ,일반 목적용 기계 제조업,9600,5.49,124798147200
009070,KCTC,KOSPI,도로 화물 운송업,4140,1.6,124200000000
192410,오늘이엔엠,KOSDAQ,통신 및 방송 장비 제조업,4930,0.92,124166531370
067290,JW신약,KOSDAQ,의약품 제조업,2215,5.48,124122183145
285490,노바텍,KOSDAQ,그외 기타 제품 제조업,11730,-3.85,124054497630
012200,계양전기,KOSPI,일반 목적용 기계 제조업,4555,5.07,123999986095
211270,AP위성,KOSDAQ,통신 및 방송 장비 제조업,8190,-5.32,123524069760
122450,KX,KOSDAQ,텔레비전 방송업,2755,-1.61,123478642670
333430,일승,KOSDAQ,선박 및 보트 건조업,4010,-4.3,123214255470
473980,노머스,KOSDAQ,창작 및 예술관련 서비스업,11300,-0.88,122975097600
037350,성도이엔지,KOSDAQ,"건축기술, 엔지니어링 및 관련 기술 서비스업",8080,-4.27,122896800000
214390,경보제약,KOSPI,기초 의약물질 제조업,5140,-2.1,122881260400
006660,삼성공조,KOSPI,자동차 신품 부품 제조업,15110,29.92,122788604540
227840,현대코퍼레이션홀딩스,KOSPI,음·식료품 및 담배 도매업,13430,-1.83,122224227480
0015N0,아로마티카,KOSDAQ,기타 화학제품 제조업,9710,13.57,122121912620
115310,인포바인,KOSDAQ,전기 통신업,8220,4.31,121915332780
079430,현대리바트,KOSPI,가구 제조업,6050,0.0,121690922100
011280,태림포장,KOSPI,"골판지, 종이 상자 및 종이용기 제조업",1717,-0.64,121573798980
452450,피아이이,KOSDAQ,특수 목적용 기계 제조업,3365,-2.18,121235902500
474170,루미르,KOSDAQ,"항공기,우주선 및 부품 제조업",6790,-5.3,120982155840
402490,그린리소스,KOSDAQ,반도체 제조업,7130,-7.16,120748097210
073010,케이에스피,KOSDAQ,일반 목적용 기계 제조업,3000,-5.21,120573750000
027710,팜스토리,KOSDAQ,동물용 사료 및 조제식품 제조업,1081,0.75,120441344600
005800,신영와코루,KOSPI,봉제의복 제조업,13360,-1.55,120240000000
052260,현대바이오랜드,KOSDAQ,기타 화학제품 제조업,4005,0.88,120150000000
002620,제일파마홀딩스,KOSPI,회사 본부 및 경영 컨설팅 서비스업,7520,-1.57,120119629600
001520,동양,KOSPI,"시멘트, 석회, 플라스터 및 그 제품 제조업",1120,-3.36,119976675840
021320,KCC건설,KOSDAQ,건물 건설업,5600,-2.61,119840000000
366030,나인앤컴퍼니,KOSDAQ,의복 액세서리 제조업,5280,8.87,119612328000
001360,삼성제약,KOSPI,의약품 제조업,1268,-2.91,119397516172
078000,텔코웨어,KOSPI,"자료처리, 호스팅, 포털 및 기타 인터넷 정보매개 서비스업",12900,0.55,119196993300
308080,바이젠셀,KOSDAQ,자연과학 및 공학 연구개발업,5810,-3.81,119100700600
149950,아바텍,KOSDAQ,전자부품 제조업,8710,-7.04,119045693130
458650,성우,KOSDAQ,일차전지 및 이차전지 제조업,7900,-6.29,118860793000
307750,국전,KOSDAQ,의약품 제조업,2200,-4.76,118769833600
148150,세경하이테크,KOSDAQ,전자부품 제조업,3340,1.67,118713012120
282880,코윈테크,KOSDAQ,특수 목적용 기계 제조업,10140,-6.46,118577991480
259630,엠플러스,KOSDAQ,특수 목적용 기계 제조업,9700,-4.62,118557241200
109740,디에스케이,KOSDAQ,특수 목적용 기계 제조업,4610,-9.07,118524897900
090850,현대이지웰,KOSDAQ,소프트웨어 개발 및 공급업,5270,0.38,118458548810
083420,그린케미칼,KOSPI,기타 화학제품 제조업,4930,3.14,118320000000
256940,킵스파마,KOSDAQ,의약품 제조업,5880,-4.23,118059504360
246710,티앤알바이오팹,KOSDAQ,기초 의약물질 제조업,2470,-4.08,117731324880
217270,넵튠,KOSDAQ,소프트웨어 개발 및 공급업,2515,-3.27,117540142145
0088M0,메쥬,KOSDAQ,의료용 기기 제조업,11850,-8.78,117098737500
034590,인천도시가스,KOSPI,연료용 가스 제조 및 배관공급업,26700,0.0,116805931800
453450,그리드위즈,KOSDAQ,"그외 기타 전문, 과학 및 기술 서비스업",14700,-7.55,116758425000
095700,제넥신,KOSDAQ,자연과학 및 공학 연구개발업,2555,-2.48,116355962170
013570,디와이,KOSPI,기타 금융업,4410,-2.22,116069581530
041590,플래스크,KOSDAQ,실내건축 및 건축마무리 공사업,2370,0.0,116064014460
238540,나노솔루션,KONEX,기타 화학제품 제조업,103800,0.0,116011032000
017510,세명전기,KOSDAQ,기타 금속 가공제품 제조업,7590,-2.69,115717140000
290720,푸드나무,KOSDAQ,무점포 소매업,3030,-2.88,115592297190
488280,에스투더블유,KOSDAQ,소프트웨어 개발 및 공급업,10670,-7.54,115507935620
049520,유아이엘,KOSDAQ,전자부품 제조업,3740,-1.19,115351417500
014530,극동유화,KOSPI,석유 정제품 제조업,3295,1.07,114894738900
008970,KBI동양철관,KOSPI,1차 철강 제조업,1105,-1.95,114662432235
047310,파워로직스,KOSDAQ,"전동기, 발전기 및 전기 변환 · 공급 · 제어 장치 제조업",3125,-3.1,114408609375
078935,GS우,KOSPI,기타,64200,0.94,114255199200
311320,지오엘리먼트,KOSDAQ,전자부품 제조업,9050,9.04,114161768000
163730,핑거,KOSDAQ,소프트웨어 개발 및 공급업,9500,-6.4,114149311500
016710,대성홀딩스,KOSPI,회사 본부 및 경영 컨설팅 서비스업,7090,0.28,114074264310
037070,파세코,KOSDAQ,가정용 기기 제조업,5700,0.18,114000000000
265740,엔에프씨,KOSDAQ,기타 화학제품 제조업,6380,3.24,113969768000
053700,삼보모터스,KOSDAQ,자동차 신품 부품 제조업,4260,-6.78,113809124820
002780,진흥기업,KOSPI,토목 건설업,782,0.0,113758904590
108230,톱텍,KOSDAQ,특수 목적용 기계 제조업,2985,-1.65,113499386325
012320,경동인베스트,KOSPI,기타 금융업,47900,-2.54,113284601700
339950,아이비김영,KOSDAQ,일반 교습 학원,2515,-12.52,113040837325
158430,아톤,KOSDAQ,소프트웨어 개발 및 공급업,4605,-4.56,112740033660
950190,고스트스튜디오,KOSDAQ,소프트웨어 개발 및 공급업,8660,-7.18,112727730940
017550,수산세보틱스,KOSPI,특수 목적용 기계 제조업,1805,-3.68,112630429650
059210,메타바이오메드,KOSDAQ,의료용품 및 기타 의약 관련제품 제조업,4140,-2.13,112489782300
041440,현대에버다임,KOSDAQ,특수 목적용 기계 제조업,6300,-3.08,112402785600
038540,상상인,KOSDAQ,"컴퓨터 프로그래밍, 시스템 통합 및 관리업",2025,-4.93,112039833825
014580,태경비케이,KOSPI,"시멘트, 석회, 플라스터 및 그 제품 제조업",4060,-1.58,111987386000
417010,나노팀,KOSDAQ,일반 목적용 기계 제조업,5530,-4.49,111555185840
002460,HS화성,KOSPI,건물 건설업,10980,-6.79,111447000000
010100,한국무브넥스,KOSPI,자동차 신품 부품 제조업,3655,-5.43,111296285100
067990,도이치모터스,KOSDAQ,자동차 판매업,3810,-1.42,111181705500
123040,엠에스오토텍,KOSDAQ,자동차 신품 부품 제조업,1775,1.43,111165230725
063570,NICE인프라,KOSDAQ,기타 사업지원 서비스업,3250,-2.99,110980116000
018120,진로발효,KOSDAQ,알코올음료 제조업,16750,-0.3,110903760000
299030,하나기술,KOSDAQ,특수 목적용 기계 제조업,13870,-12.33,110889401700
255440,야스,KOSDAQ,특수 목적용 기계 제조업,8490,21.81,110862420000
032940,원익,KOSDAQ,기계장비 및 관련 물품 도매업,6090,-2.56,110796770700
051980,중앙첨단소재,KOSDAQ,통신 및 방송 장비 제조업,994,-5.69,110425158746
052460,아이크래프트,KOSDAQ,"컴퓨터 프로그래밍, 시스템 통합 및 관리업",7550,0.67,110289916800
101170,우림피티에스,KOSDAQ,일반 목적용 기계 제조업,8150,-6.43,110025000000
012800,대창,KOSPI,1차 비철금속 제조업,1204,-0.74,109733160796
035000,HS애드,KOSPI,광고업,6770,-2.31,109725749880
051360,토비스,KOSDAQ,영상 및 음향기기 제조업,11370,-3.48,109625765160
067900,와이엔텍,KOSDAQ,폐기물 처리업,6020,-0.17,109561947180
011810,STX,KOSPI,상품 종합 도매업,3530,0.0,109493282310
056090,시지메드텍,KOSDAQ,의료용 기기 제조업,1057,-4.95,109144801052
004250,NPC,KOSPI,플라스틱제품 제조업,2970,1.02,109058400000
474610,RF시스템즈,KOSDAQ,기타 금속 가공제품 제조업,7540,-2.96,108690758800
070960,모나용평,KOSPI,일반 및 생활 숙박시설 운영업,2255,2.73,108540665915
054050,NH농우바이오,KOSDAQ,작물 재배업,6770,-2.03,108526897970
396470,워트,KOSDAQ,특수 목적용 기계 제조업,6730,9.08,108487600000
338220,뷰노,KOSDAQ,소프트웨어 개발 및 공급업,7740,-0.51,108374110020
248170,샘표식품,KOSPI,기타 식품 제조업,23700,-1.46,108268378200
039340,한국경제TV,KOSDAQ,텔레비전 방송업,4915,0.51,108130000000
115500,케이씨에스,KOSDAQ,"컴퓨터 프로그래밍, 시스템 통합 및 관리업",8990,-5.86,107880000000
039560,다산네트웍스,KOSDAQ,통신 및 방송 장비 제조업,2515,-0.79,107864497020
074430,아미노로직스,KOSDAQ,기초 의약물질 제조업,1220,7.49,107531192840
073560,우리손에프앤지,KOSDAQ,"도축, 육류 가공 및 저장 처리업",1551,-0.26,107387584293
120240,대정화금,KOSDAQ,기초 화학물질 제조업,14900,0.07,107136825900
071280,로체시스템즈,KOSDAQ,특수 목적용 기계 제조업,7000,-0.71,107076221000
053260,금강철강,KOSDAQ,1차 철강 제조업,5710,0.0,106891200000
021080,에이티넘인베스트,KOSDAQ,신탁업 및 집합투자업,2225,-6.71,106800000000
023450,동남합성,KOSPI,기초 화학물질 제조업,30450,0.16,106575000000
120030,조선선재,KOSPI,기타 금속 가공제품 제조업,84700,-0.12,106523039700
362320,청담글로벌,KOSDAQ,생활용품 도매업,5030,-3.08,106390988700
141000,비아트론,KOSDAQ,특수 목적용 기계 제조업,8780,-4.04,106367153800
166480,코아스템켐온,KOSDAQ,의약품 제조업,2000,-8.05,105740752000
066590,스모트로닉,KOSDAQ,자동차 신품 부품 제조업,2730,-1.27,105590768010
297090,씨에스베어링,KOSDAQ,일반 목적용 기계 제조업,3870,-4.09,105534900000
331920,셀레믹스,KOSDAQ,기초 의약물질 제조업,9430,-4.17,105442063650
105330,케이엔더블유,KOSDAQ,자동차 신품 부품 제조업,6580,-3.66,105408441600
131030,옵투스제약,KOSDAQ,의약품 제조업,5970,-1.81,105350142300
475580,에이럭스,KOSDAQ,그외 기타 제품 제조업,7730,-6.64,105320477000
092220,KEC,KOSPI,반도체 제조업,2615,-4.39,104999122220
083500,에프엔에스테크,KOSDAQ,특수 목적용 기계 제조업,12640,-4.1,104992605280
001290,상상인증권,KOSPI,금융 지원 서비스업,969,-5.28,104978669280
006620,동구바이오제약,KOSDAQ,의약품 제조업,3685,-5.87,104893495520
027970,한국제지,KOSPI,"펄프, 종이 및 판지 제조업",2745,-0.18,104392745280
009580,무림P&P,KOSPI,"펄프, 종이 및 판지 제조업",1672,-2.79,104279837728
019180,티에이치엔,KOSPI,기타 전기장비 제조업,5760,-11.66,103680000000
267850,아시아나IDT,KOSPI,"컴퓨터 프로그래밍, 시스템 통합 및 관리업",9340,-2.3,103674000000
387690,레메디,KOSDAQ,의료용 기기 제조업,13590,22.76,103634499690
049950,미래컴퍼니,KOSDAQ,특수 목적용 기계 제조업,11740,-1.59,103521958160
100700,세운메디칼,KOSDAQ,의료용품 및 기타 의약 관련제품 제조업,2360,-0.63,103368000000
091440,한울소재과학,KOSDAQ,통신 및 방송 장비 제조업,2990,-13.58,103187791330
123690,한국화장품,KOSPI,생활용품 도매업,6420,-3.6,103156560000
054920,한컴위드,KOSDAQ,소프트웨어 개발 및 공급업,3655,-5.56,103133431055
067830,세이브존I&C,KOSPI,종합 소매업,2510,0.6,103012646450
357880,SKAI,KOSDAQ,소프트웨어 개발 및 공급업,1925,-4.23,102907000350
021820,세원정공,KOSPI,자동차 신품 부품 제조업,10290,-3.11,102900000000
309960,LB인베스트먼트,KOSDAQ,기타 금융업,4425,-2.32,102736282575
264900,크라운제과,KOSPI,"떡, 빵 및 과자류 제조업",8200,-0.85,102695570000
107600,새빗켐,KOSDAQ,기타 화학제품 제조업,18110,-5.58,102322477940
336680,탑런토탈솔루션,KOSDAQ,전자부품 제조업,2610,-1.32,102169906380
063170,서울옥션,KOSDAQ,상품 중개업,5720,-0.52,101668807240
307930,컴퍼니케이,KOSDAQ,기타 금융업,6480,-4.14,101152800000
209640,와이제이링크,KOSDAQ,특수 목적용 기계 제조업,3545,-4.32,100830952570
119650,KC코트렐,KOSPI,일반 목적용 기계 제조업,918,0.0,100782913662
002450,삼익악기,KOSPI,악기 제조업,1111,-1.24,100579846565
036630,세종텔레콤,KOSDAQ,전기 및 통신 공사업,7180,0.28,100520000000
380550,뉴로핏,KOSDAQ,소프트웨어 개발 및 공급업,8230,-7.42,100396667180
032560,황금에스티,KOSPI,1차 비철금속 제조업,5870,2.62,99790000000
129920,대성하이텍,KOSDAQ,특수 목적용 기계 제조업,6140,-14.37,99766993440
348350,위드텍,KOSDAQ,"측정, 시험, 항해, 제어 및 기타 정밀기기 제조업; 광학기기 제외",9980,-1.77,99586428000
246720,아스타,KOSDAQ,의료용품 및 기타 의약 관련제품 제조업,6070,0.0,99434491000
066980,한성크린텍,KOSDAQ,"건축기술, 엔지니어링 및 관련 기술 서비스업",1848,8.9,99124413696
330350,위더스제약,KOSDAQ,의약품 제조업,7480,-1.06,98733606400
419050,삼기에너지솔루션즈,KOSDAQ,자동차 신품 부품 제조업,1725,-4.38,98663514000
125210,아모그린텍,KOSDAQ,전자부품 제조업,5980,-4.63,98650804200
040300,YTN,KOSDAQ,"영화, 비디오물, 방송프로그램 제작 및 배급업",2065,0.73,98452963700
079650,서산,KOSDAQ,"시멘트, 석회, 플라스터 및 그 제품 제조업",4920,-0.51,98400000000
187790,나노,KOSDAQ,기초 화학물질 제조업,3185,-2.3,98228043550
013700,까뮤이앤씨,KOSPI,건물 건설업,1640,-6.77,97991361200
086710,선진뷰티사이언스,KOSDAQ,기타 화학제품 제조업,8000,-1.84,97626240000
37550L,DL이앤씨2우(전환),KOSPI,기타,46150,-5.72,97466538650
036220,오상헬스케어,KOSDAQ,의료용 기기 제조업,6810,-3.13,97447122960
036010,아비코전자,KOSDAQ,전자부품 제조업,7330,-3.68,97437206220
013310,아진산업,KOSDAQ,자동차 신품 부품 제조업,2510,-8.56,97404520820
228850,레이언스,KOSDAQ,의료용 기기 제조업,5870,-2.17,97389252180
066790,씨씨에스,KOSDAQ,텔레비전 방송업,2205,0.0,97355245995
172670,에이엘티,KOSDAQ,반도체 제조업,10830,-2.52,97039604970
298540,더네이쳐홀딩스,KOSDAQ,의복 액세서리 제조업,6690,0.15,96913922340
005860,한일사료,KOSDAQ,동물용 사료 및 조제식품 제조업,2455,0.2,96736046675
352090,스톰테크,KOSDAQ,플라스틱제품 제조업,3595,1.99,96608427810
317770,엑스페릭스,KOSDAQ,전자부품 제조업,2635,-2.59,96557319440
068240,다원시스,KOSDAQ,"전동기, 발전기 및 전기 변환 · 공급 · 제어 장치 제조업",2530,0.0,96553495610
002230,피에스텍,KOSDAQ,"측정, 시험, 항해, 제어 및 기타 정밀기기 제조업; 광학기기 제외",5230,-4.04,96342196100
007210,벽산,KOSPI,기타 비금속 광물제품 제조업,1470,-2.39,96079200000
052900,KX하이텍,KOSDAQ,플라스틱제품 제조업,1250,1.63,95835112500
058820,CMG제약,KOSDAQ,의약품 제조업,646,-2.42,95687817176
016740,두올,KOSPI,자동차 신품 부품 제조업,3330,-2.06,95484499920
483350,딜리셔스,KOSDAQ,무점포 소매업,4360,-5.73,95392265600
323990,박셀바이오,KOSDAQ,자연과학 및 공학 연구개발업,4100,-3.98,95355114500
044990,에이치엔에스하이텍,KOSDAQ,전자부품 제조업,12400,-3.88,95299270000
088130,동아엘텍,KOSDAQ,특수 목적용 기계 제조업,5430,-4.74,94945255020
006840,AK홀딩스,KOSPI,기타 금융업,7160,-2.72,94852536760
014790,HL D&I,KOSPI,토목 건설업,2505,-2.72,94835795505
008830,대동기어,KOSDAQ,특수 목적용 기계 제조업,6410,-5.18,94581601200
023900,풍국주정,KOSDAQ,알코올음료 제조업,7500,-1.19,94500000000
008700,아남전자,KOSPI,영상 및 음향기기 제조업,1224,-0.41,94400779680
014440,영보화학,KOSPI,플라스틱제품 제조업,4720,1.07,94400000000
025950,동신건설,KOSDAQ,토목 건설업,11210,-2.1,94164000000
017650,대림제지,KOSDAQ,기타 종이 및 판지 제품 제조업,10700,3.08,93999500000
371950,풍원정밀,KOSDAQ,전자부품 제조업,4120,-29.93,93852240400
036580,팜스코,KOSPI,"곡물가공품, 전분 및 전분제품 제조업",2550,-7.27,93656254650
042500,링네트,KOSDAQ,"컴퓨터 프로그래밍, 시스템 통합 및 관리업",4200,-0.36,93622804800
217190,제너셈,KOSDAQ,특수 목적용 기계 제조업,7110,18.5,93523240710
134580,탑코미디어,KOSDAQ,"자료처리, 호스팅, 포털 및 기타 인터넷 정보매개 서비스업",1889,-5.03,93116647461
109610,에스와이,KOSDAQ,"구조용 금속제품, 탱크 및 증기발생기 제조업",1899,-3.8,92875152600
066430,아이로보틱스,KOSDAQ,기타 전문 도매업,2370,-5.01,92793738120
008260,NI스틸,KOSPI,1차 철강 제조업,3240,0.31,92664379080
217820,원익피앤이,KOSDAQ,특수 목적용 기계 제조업,1946,-3.42,92346571814
008040,사조동아원,KOSPI,"곡물가공품, 전분 및 전분제품 제조업",654,0.0,92308568400
007820,엠엑스로보틱스,KOSDAQ,일반 목적용 기계 제조업,4600,3.37,92156151600
058850,KTcs,KOSPI,기타 정보 서비스업,2225,-1.98,92124901250
156100,엘앤케이바이오,KOSDAQ,의료용 기기 제조업,4120,0.37,92086750360
226400,오스테오닉,KOSDAQ,의료용 기기 제조업,4445,-7.01,91840816445
322180,LS티라유텍,KOSDAQ,소프트웨어 개발 및 공급업,4270,-7.17,91788372620
493330,지에프아이,KOSDAQ,일반 목적용 기계 제조업,11410,-5.78,91730843330
040420,정상제이엘에스,KOSDAQ,일반 교습 학원,5850,0.0,91713679200
250060,모비스,KOSDAQ,"컴퓨터 프로그래밍, 시스템 통합 및 관리업",2840,-7.04,91366531760
037030,파워넷,KOSDAQ,"전동기, 발전기 및 전기 변환 · 공급 · 제어 장치 제조업",3580,-8.67,91336511360
263720,디앤씨미디어,KOSDAQ,"서적, 잡지 및 기타 인쇄물 출판업",7350,-3.42,91232543850
139990,아주스틸,KOSPI,1차 철강 제조업,2350,-1.05,91075222900
452190,한빛레이저,KOSDAQ,특수 목적용 기계 제조업,3800,-4.64,90898116600
053580,웹케시,KOSDAQ,소프트웨어 개발 및 공급업,7010,-3.84,90810596360
337930,젝시믹스,KOSDAQ,기타 정보 서비스업,3060,1.32,90810013500
004140,동방,KOSPI,기타 운송관련 서비스업,1892,0.05,90762581272
289930,웨이비스,KOSDAQ,반도체 제조업,6900,-3.09,90728169000
029480,광무,KOSDAQ,통신 및 방송 장비 제조업,1519,-2.44,90713361508
065450,빅텍,KOSDAQ,"측정, 시험, 항해, 제어 및 기타 정밀기기 제조업; 광학기기 제외",3075,1.49,90699594225
001275,부국증권우,KOSPI,기타,30200,-1.31,90600000000
093920,서원인텍,KOSDAQ,통신 및 방송 장비 제조업,4870,-1.12,90582000000
282720,금양그린파워,KOSDAQ,전기 및 통신 공사업,7470,-5.92,90532665000
052420,오성첨단소재,KOSDAQ,플라스틱제품 제조업,9290,-1.17,90503263610
078140,대봉엘에스,KOSDAQ,의약품 제조업,8160,-4.23,90466484640
099750,이지케어텍,KOSDAQ,소프트웨어 개발 및 공급업,6620,-3.78,90423725260
047560,이스트소프트,KOSDAQ,소프트웨어 개발 및 공급업,7680,-6.57,90263669760
487580,폴레드,KOSDAQ,가정용 기기 제조업,3560,-4.94,89650985160
302550,리메드,KOSDAQ,의료용 기기 제조업,2900,-3.33,89630735000
210980,SK디앤디,KOSPI,부동산 임대 및 공급업,4805,-0.41,89456520510
023000,삼원강재,KOSPI,자동차 신품 부품 제조업,2250,0.0,89414901000
214680,디알텍,KOSDAQ,의료용 기기 제조업,1070,-7.36,89320449920
263800,데이타솔루션,KOSDAQ,기계장비 및 관련 물품 도매업,5500,-4.68,89239590000
357230,에이치피오,KOSDAQ,기타 식품 제조업,2160,-6.09,89193908160
042510,라온시큐어,KOSDAQ,소프트웨어 개발 및 공급업,8010,-3.03,88957682280
330730,스톤브릿지벤처스,KOSDAQ,기타 금융업,4880,-3.75,88903010400
0017J0,세미티에스,KOSDAQ,특수 목적용 기계 제조업,2945,-4.38,88752354735
054540,삼영엠텍,KOSDAQ,"구조용 금속제품, 탱크 및 증기발생기 제조업",6820,-5.28,88660000000
475230,엔알비,KOSDAQ,기타 금속 가공제품 제조업,8130,-3.56,88606292790
086960,MDS테크,KOSDAQ,소프트웨어 개발 및 공급업,2080,0.97,88459633600
007980,TP,KOSPI,봉제의복 제조업,1886,-0.95,88448402100
058860,KTis,KOSPI,기타 정보 서비스업,2540,-0.59,88397080000
0218L0,네오뷰,KOSDAQ,영상 및 음향기기 제조업,16680,-4.52,88006599000
182360,큐브엔터,KOSDAQ,오디오물 출판 및 원판 녹음업,5650,-3.25,87826910900
149980,하이로닉,KOSDAQ,의료용 기기 제조업,5100,-7.27,87715134600
033290,로젠,KOSDAQ,"섬유, 의복, 신발 및 가죽제품 소매업",1560,-2.07,87603829560
363280,티와이홀딩스,KOSPI,기타 금융업,1922,-0.16,87445874026
004890,동일산업,KOSPI,1차 철강 제조업,36050,1.12,87429000750
205100,엑셈,KOSDAQ,소프트웨어 개발 및 공급업,1292,-4.08,87260871208
096240,크레버스,KOSDAQ,일반 교습 학원,8500,-1.73,87024530000
005740,크라운해태홀딩스,KOSPI,기타 금융업,5860,-2.5,87005453420
111380,동인기연,KOSPI,"가죽, 가방 및 유사제품 제조업",14190,-1.53,86956320000
025620,차AI헬스케어,KOSPI,기타 화학제품 제조업,4775,-6.0,86923971075
306620,지아이에스,KOSDAQ,특수 목적용 기계 제조업,1813,-4.53,86919179592
032300,한국파마,KOSDAQ,의약품 제조업,7960,-2.21,86817339960
235980,메드팩토,KOSDAQ,자연과학 및 공학 연구개발업,2530,-5.95,86716056130
104460,디와이피엔에프,KOSDAQ,일반 목적용 기계 제조업,8240,-7.31,86669152240
072020,중앙백신,KOSDAQ,기초 의약물질 제조업,9330,0.11,86365766730
004650,창해에탄올,KOSDAQ,알코올음료 제조업,9380,-0.42,86210501300
109070,주성코퍼레이션,KOSPI,통신 및 방송 장비 제조업,1630,-4.68,86080674900
215100,로보로보,KOSDAQ,기타 전기장비 제조업,4225,-5.27,85972218150
009300,삼아제약,KOSDAQ,의약품 제조업,13480,-0.74,85867600000
002220,한일철강,KOSPI,1차 철강 제조업,3215,-3.16,85832333900
015590,DKME,KOSPI,일반 목적용 기계 제조업,1605,-1.41,85701074340
004100,태양금속,KOSPI,자동차 신품 부품 제조업,2330,-2.92,85511000000
096775,SK이노베이션우,KOSPI,기타,68400,2.4,85392338400
023800,인지컨트롤스,KOSPI,자동차 신품 부품 제조업,5390,-0.74,85211571830
102370,케이옥션,KOSDAQ,상품 중개업,3290,-0.45,85172474100
002200,한국수출포장,KOSPI,"골판지, 종이 상자 및 종이용기 제조업",2540,0.59,85089850140
004840,DRB동일,KOSPI,고무제품 제조업,4415,-1.56,85087487060
052860,아이앤씨,KOSDAQ,반도체 제조업,4760,-1.35,85046225040
013360,일성건설,KOSPI,토목 건설업,1574,2.14,85035161120
130580,나이스디앤비,KOSDAQ,기타 사업지원 서비스업,5520,0.91,85008000000
950250,테라뷰,KOSDAQ,기타 금융업,2390,-5.16,84887377090
0011A0,액스비스,KOSDAQ,기타 전기장비 제조업,9090,-10.0,84843696600
014160,대영포장,KOSPI,"골판지, 종이 상자 및 종이용기 제조업",780,10.64,84547748220
185490,아이진,KOSDAQ,자연과학 및 공학 연구개발업,1955,-2.98,84514227720
078890,가온그룹,KOSDAQ,통신 및 방송 장비 제조업,4570,-2.77,84201989510
463020,뉴엔AI,KOSDAQ,소프트웨어 개발 및 공급업,9360,-6.68,84120192000
049180,셀루메드,KOSDAQ,기초 의약물질 제조업,1009,0.0,83975227728
040910,아이씨디,KOSDAQ,특수 목적용 기계 제조업,4620,0.11,83965150500
381620,제닉스로보틱스,KOSDAQ,특수 목적용 기계 제조업,6400,-5.88,83954688000
076610,해성옵틱스,KOSDAQ,사진장비 및 광학기기 제조업,1415,6.55,83819194700
163560,동일고무벨트,KOSPI,고무제품 제조업,6030,-1.31,83817000000
069730,DSR제강,KOSPI,1차 철강 제조업,5820,-2.51,83808000000
183490,엔지켐생명과학,KOSDAQ,기초 의약물질 제조업,990,0.0,83793832650
000850,화천기공,KOSPI,특수 목적용 기계 제조업,38000,11.27,83600000000
002600,조흥,KOSPI,기타 식품 제조업,139300,0.51,83580000000
038110,에코플라스틱,KOSDAQ,자동차 신품 부품 제조업,2030,0.0,83573821100
223250,드림씨아이에스,KOSDAQ,자연과학 및 공학 연구개발업,3390,-5.31,83395505160
019550,SBI인베스트먼트,KOSDAQ,신탁업 및 집합투자업,1024,-2.94,82978085888
290660,다이나믹솔루션,KOSDAQ,의료용 기기 제조업,1937,8.82,82976989056
100130,동국S&C,KOSDAQ,"구조용 금속제품, 탱크 및 증기발생기 제조업",1452,-4.28,82971636000
003580,HLB글로벌,KOSPI,종합 소매업,1635,-1.51,82834830675
389030,지니너스,KOSDAQ,자연과학 및 공학 연구개발업,2100,-5.19,82723769100
054670,대한뉴팜,KOSDAQ,의약품 제조업,5720,-3.05,82110142400
090470,제이스로보틱스,KOSDAQ,특수 목적용 기계 제조업,4685,-0.32,81877842890
418470,KT밀리의서재,KOSDAQ,"서적, 잡지 및 기타 인쇄물 출판업",9530,-3.25,81631969170
101330,모베이스,KOSDAQ,통신 및 방송 장비 제조업,3525,-5.11,81593277225
175250,아이큐어,KOSDAQ,기타 화학제품 제조업,2170,0.0,81501658560
475430,키스트론,KOSDAQ,절연선 및 케이블 제조업,4565,-0.22,81476622150
036640,HRS,KOSDAQ,합성고무 및 플라스틱 물질 제조업,4980,1.22,81446904000
039980,폴라리스AI,KOSDAQ,"컴퓨터 프로그래밍, 시스템 통합 및 관리업",5660,-4.55,81397671240
0117P0,피스피스스튜디오,KOSDAQ,"섬유, 의복, 신발 및 가죽제품 소매업",5740,4.94,81329549140
228670,레이,KOSDAQ,의료용 기기 제조업,5200,-3.17,81328109200
413390,엠오티,KOSDAQ,특수 목적용 기계 제조업,7010,-1.41,81177061800
412540,제일엠앤에스,KOSDAQ,특수 목적용 기계 제조업,3935,0.0,81063616775
048530,인트론바이오,KOSDAQ,기초 의약물질 제조업,2620,-0.57,80936405960
053350,이니텍,KOSDAQ,소프트웨어 개발 및 공급업,3670,-2.91,80817308550
045970,코아시아,KOSDAQ,전자부품 제조업,3070,-9.71,80786669320
251120,바이오에프디엔씨,KOSDAQ,기초 의약물질 제조업,9280,-0.11,80696096000
006090,사조오양,KOSPI,수산물 가공 및 저장 처리업,8560,0.0,80658645840
063080,컴투스홀딩스,KOSDAQ,소프트웨어 개발 및 공급업,12220,-5.12,80593246240
019680,대교,KOSPI,초등 교육기관,1000,0.0,80467700000
115440,우리넷,KOSDAQ,통신 및 방송 장비 제조업,7450,-5.34,80417475400
053280,예스24,KOSDAQ,무점포 소매업,3210,-1.53,80250000000
950130,엑세스바이오,KOSDAQ,의료용품 및 기타 의약 관련제품 제조업,2280,-1.3,80196341520
067000,조이시티,KOSDAQ,소프트웨어 개발 및 공급업,1145,-3.62,80039445670
0156T0,에이치엘지노믹스,KOSDAQ,기초 의약물질 제조업,10270,8.22,79922793470
011700,한신기계,KOSPI,일반 목적용 기계 제조업,2460,-5.57,79817531460
131370,알서포트,KOSDAQ,소프트웨어 개발 및 공급업,1498,-2.73,79794090334
137950,제이씨케미칼,KOSDAQ,기타 화학제품 제조업,3580,7.67,79718774120
000105,유한양행우,KOSPI,기타,67500,-4.53,79713450000
001470,삼부토건,KOSPI,토목 건설업,347,0.0,79699592928
037760,쎄니트,KOSDAQ,1차 철강 제조업,2355,-0.42,79676528955
212710,아이에스티이,KOSDAQ,반도체 제조업,8200,2.24,79662819600
451250,삐아,KOSDAQ,기타 화학제품 제조업,7780,0.0,79557323060
347890,엠엑스온,KOSDAQ,"측정, 시험, 항해, 제어 및 기타 정밀기기 제조업; 광학기기 제외",4675,-0.95,79536728700
058630,엠게임,KOSDAQ,소프트웨어 개발 및 공급업,4235,-4.94,79501850890
012700,리드코프,KOSDAQ,기타 전문 도매업,3035,-1.3,79501375820
225190,LK삼양,KOSDAQ,사진장비 및 광학기기 제조업,1127,-2.17,79417931880
011370,서한,KOSDAQ,건물 건설업,783,0.0,79000679295
080010,이상네트웍스,KOSDAQ,상품 중개업,8010,-1.11,78778918710
007610,선도전기,KOSPI,"전동기, 발전기 및 전기 변환 · 공급 · 제어 장치 제조업",4375,-3.31,78750000000
066700,테라젠이텍스,KOSDAQ,의약품 제조업,2115,-2.08,78577275240
217330,싸이토젠,KOSDAQ,자연과학 및 공학 연구개발업,3395,-5.43,78524812065
331380,포커스에이아이,KOSDAQ,영상 및 음향기기 제조업,2145,-6.13,78423057570
009180,한솔로지스틱스,KOSPI,기타 운송관련 서비스업,2780,-1.24,78273193500
047820,초록뱀미디어,KOSDAQ,"영화, 비디오물, 방송프로그램 제작 및 배급업",3200,-1.54,78252576000
105740,디케이락,KOSDAQ,일반 목적용 기계 제조업,7680,-0.26,78094179840
001260,남광토건,KOSPI,토목 건설업,7910,2.59,77775644520
170030,현대공업,KOSDAQ,자동차 신품 부품 제조업,5070,-0.39,77773800000
010960,삼호개발,KOSPI,기반조성 및 시설물 축조관련 전문공사업,3220,-1.83,77666400000
005750,대림바스,KOSPI,"내화, 비내화 요업제품 제조업",4680,-1.89,77651683200
307870,비투엔,KOSDAQ,소프트웨어 개발 및 공급업,1045,5.98,77642752825
000440,중앙에너비스,KOSDAQ,기타 전문 도매업,12450,1.38,77527768500
024880,케이피에프,KOSDAQ,기타 금속 가공제품 제조업,3885,-1.02,77473209240
234030,싸이닉솔루션,KOSDAQ,반도체 제조업,3280,-0.3,77424400000
365330,에스와이스틸텍,KOSDAQ,"구조용 금속제품, 탱크 및 증기발생기 제조업",1541,-0.9,77313511000
000590,CS홀딩스,KOSPI,기타 금융업,66900,-2.62,77234845800
456570,아이엠지티,KONEX,의료용품 및 기타 의약 관련제품 제조업,14600,0.76,76866138400
265560,영화테크,KOSDAQ,자동차 신품 부품 제조업,7190,-4.01,76862394200
004590,한국가구,KOSDAQ,기타 상품 전문 소매업,5120,-10.02,76800000000
225530,HC보광산업,KOSDAQ,기타 비금속 광물제품 제조업,2110,0.96,76674713970
290740,액트로,KOSDAQ,전자부품 제조업,7610,-3.43,76594733710
001210,금호전기,KOSPI,전구 및 조명장치 제조업,6180,-4.78,76483778880
063160,종근당바이오,KOSPI,의약품 제조업,13940,-1.76,76474310280
033560,블루콤,KOSDAQ,영상 및 음향기기 제조업,4465,-2.51,76351500000
019540,일지테크,KOSDAQ,자동차 신품 부품 제조업,5650,-16.91,76351275000
017480,삼현철강,KOSDAQ,1차 철강 제조업,4930,0.0,76133447700
073640,테라사이언스,KOSDAQ,기타 금속 가공제품 제조업,654,0.0,76111715580
270520,앱튼,KOSDAQ,"건축기술, 엔지니어링 및 관련 기술 서비스업",3870,-4.44,76079997180
013870,지엠비코리아,KOSPI,자동차 신품 부품 제조업,3980,-0.87,75907674400
000180,성창기업지주,KOSPI,회사 본부 및 경영 컨설팅 서비스업,5440,0.0,75889740800
007590,동방아그로,KOSPI,"비료, 농약 및 살균, 살충제 제조업",5560,-0.71,75713728120
040160,누리플렉스,KOSDAQ,소프트웨어 개발 및 공급업,6280,13.15,75708759800
009190,대양금속,KOSPI,1차 철강 제조업,1721,-1.43,75700379275
001020,페이퍼코리아,KOSPI,"펄프, 종이 및 판지 제조업",2125,8.25,75642906750
067370,선바이오,KOSDAQ,의약품 제조업,6190,-3.43,75603675790
198440,강동씨앤엘,KOSDAQ,"시멘트, 석회, 플라스터 및 그 제품 제조업",1240,-1.74,75555551040
201490,미투온,KOSDAQ,소프트웨어 개발 및 공급업,2305,-1.5,75428188430
365660,레몬헬스케어,KOSDAQ,소프트웨어 개발 및 공급업,5600,3.13,75351130400
072950,빛샘전자,KOSDAQ,전자부품 제조업,9350,-6.5,75291903500
460940,피앤에스로보틱스,KOSDAQ,의료용 기기 제조업,5590,-3.29,75215015200
045660,에이텍,KOSDAQ,일반 목적용 기계 제조업,9100,7.69,75166000000
011320,유니크,KOSDAQ,자동차 신품 부품 제조업,3880,-1.52,74964296600
089230,THE E&M,KOSDAQ,기타 정보 서비스업,1900,-5.24,74900572600
038680,에스넷,KOSDAQ,"컴퓨터 프로그래밍, 시스템 통합 및 관리업",3760,-1.57,74871533920
382840,원준,KOSDAQ,특수 목적용 기계 제조업,4900,-5.77,74830746900
377480,마음AI,KOSDAQ,소프트웨어 개발 및 공급업,10480,-5.42,74515682000
214260,라파스,KOSDAQ,기타 화학제품 제조업,8350,-3.58,74502566050
067570,엔브이에이치코리아,KOSDAQ,자동차 신품 부품 제조업,1766,-1.23,74472220000
030960,양지사,KOSDAQ,인쇄 및 인쇄관련 산업,4660,0.54,74466800000
128660,피제이메탈,KOSDAQ,1차 비철금속 제조업,3000,0.33,74410107000
900260,로스웰,KOSDAQ,기타 금융업,1615,-1.4,74337975190
155660,DSR,KOSPI,1차 비철금속 제조업,4645,-3.03,74320000000
054620,APS,KOSDAQ,기타 금융업,4040,-2.77,74312652840
088390,이녹스,KOSDAQ,그외 기타 운송장비 제조업,7900,1.15,74148167600
096250,와이즈넛,KOSDAQ,소프트웨어 개발 및 공급업,6270,-3.24,74079303870
208140,정다운,KOSDAQ,"도축, 육류 가공 및 저장 처리업",2265,-0.66,74029817190
104040,디에스엠,KOSDAQ,자동차 신품 부품 제조업,2760,0.0,74005439400
124560,태웅로직스,KOSDAQ,기타 운송관련 서비스업,1911,-0.93,73995469821
085670,뉴프렉스,KOSDAQ,전자부품 제조업,3020,-6.21,73992298220
060590,씨티씨바이오,KOSDAQ,의약품 제조업,3055,-4.83,73873016100
234300,에스트래픽,KOSDAQ,"컴퓨터 프로그래밍, 시스템 통합 및 관리업",2715,-1.99,73869122700
171120,라이온켐텍,KOSDAQ,기타 화학제품 제조업,2055,-1.44,73778116800
173130,오파스넷,KOSDAQ,"컴퓨터 프로그래밍, 시스템 통합 및 관리업",5650,-2.92,73712572450
065510,휴비츠,KOSDAQ,의료용 기기 제조업,6760,-0.88,73534570200
451220,아이엠티,KOSDAQ,특수 목적용 기계 제조업,9330,-4.11,73470120630
084670,동양고속,KOSPI,육상 여객 운송업,25350,-3.98,73402674150
320000,한울반도체,KOSDAQ,특수 목적용 기계 제조업,10610,-5.69,73354038700
389140,포바이포,KOSDAQ,"영화, 비디오물, 방송프로그램 제작 및 배급업",5140,-2.1,73346437900
294630,서남,KOSDAQ,기타 전기장비 제조업,2760,-5.32,73137734040
277880,티에스아이,KOSDAQ,특수 목적용 기계 제조업,3675,1.1,72923804100
024830,세원물산,KOSDAQ,자동차 신품 부품 제조업,8710,-2.57,72728500000
085310,엔케이,KOSPI,"구조용 금속제품, 탱크 및 증기발생기 제조업",9790,2.3,72622944460
041930,SY동아,KOSDAQ,고무제품 제조업,4775,-4.02,72580000000
067170,오텍,KOSDAQ,자동차 재제조 부품 제조업,2640,15.79,72493824480
006140,피제이전자,KOSDAQ,의료용 기기 제조업,4875,-3.85,72466875000
054040,한국컴퓨터,KOSDAQ,전자부품 제조업,4505,-8.99,72401161450
011150,CJ씨푸드,KOSPI,기타 식품 제조업,2015,-1.47,72400507595
079810,APS이노베이션,KOSDAQ,기타 전기장비 제조업,3360,-4.55,72334395840
010280,아이티센엔텍,KOSDAQ,"컴퓨터 프로그래밍, 시스템 통합 및 관리업",5550,1.09,72287401350
000230,일동홀딩스,KOSPI,의약품 제조업,6260,-3.99,72242904000
024740,한일단조,KOSDAQ,자동차 신품 부품 제조업,2195,1.15,72209022555
084680,이월드,KOSPI,귀금속 및 장신용품 제조업,509,-3.96,72179352237
041910,폴라리스AI파마,KOSDAQ,의약품 제조업,5430,-1.63,72128590500
443670,에스피소프트,KOSDAQ,"컴퓨터 프로그래밍, 시스템 통합 및 관리업",3000,-6.4,72031692000
004720,팜젠사이언스,KOSPI,의약품 제조업,3175,-3.93,71927608875
360070,탑머티리얼,KOSDAQ,일차전지 및 이차전지 제조업,8780,-6.3,71926137540
357580,아모센스,KOSDAQ,전자부품 제조업,6100,-12.73,71917548200
058730,다스코,KOSPI,"구조용 금속제품, 탱크 및 증기발생기 제조업",3550,-3.27,71891941050
396270,넥스트칩,KOSDAQ,반도체 제조업,2185,-4.59,71859036735
234920,자이글,KOSDAQ,가정용 기기 제조업,5310,0.0,71849132100
044340,위닉스,KOSDAQ,가정용 기기 제조업,4010,-4.75,71672434250
250030,진코스텍,KONEX,기타 화학제품 제조업,24750,-2.56,71575341750
303810,동국생명과학,KOSDAQ,의약품 제조업,2235,-5.7,71484552900
031820,아이티센씨티에스,KOSPI,"컴퓨터 프로그래밍, 시스템 통합 및 관리업",5900,-3.12,71420361400
010040,한국내화,KOSPI,"내화, 비내화 요업제품 제조업",1737,0.7,71333486694
229500,노브메타파마,KONEX,자연과학 및 공학 연구개발업,5490,1.1,71317773630
049080,기가레인,KOSDAQ,전자부품 제조업,8400,-3.0,71302005600
062970,한국첨단소재,KOSDAQ,통신 및 방송 장비 제조업,2495,-3.85,71218045965
095720,웅진씽크빅,KOSPI,초등 교육기관,1248,-1.42,70920202080
091590,남화토건,KOSDAQ,건물 건설업,6040,-5.33,70909600000
417970,모델솔루션,KOSDAQ,특수 목적용 기계 제조업,11080,-5.06,70875436000
120115,코오롱인더우,KOSPI,기타,25600,0.0,70857216000
140070,서플러스글로벌,KOSDAQ,기계장비 및 관련 물품 도매업,1915,4.42,70832020000
043610,KT지니뮤직,KOSDAQ,영상·오디오물 제공 서비스업,1218,-1.3,70784603484
221800,지구홀딩스,KOSDAQ,기타 과학기술 서비스업,4335,1.29,70742219085
012790,신일제약,KOSDAQ,의약품 제조업,5900,-1.17,70719848500
153710,옵티팜,KOSDAQ,의료용품 및 기타 의약 관련제품 제조업,4820,0.1,70709197560
092040,아미코젠,KOSDAQ,기타 식품 제조업,999,2.99,70584731613
084730,팅크웨어,KOSDAQ,통신 및 방송 장비 제조업,6350,-4.8,70544842400
338100,NH프라임리츠,KOSPI,부동산 임대 및 공급업,3780,-1.69,70534800000
066310,큐에스아이,KOSDAQ,반도체 제조업,7600,-2.31,70464319600
048430,유라테크,KOSDAQ,"전동기, 발전기 및 전기 변환 · 공급 · 제어 장치 제조업",6110,-1.45,70387200000
0004V0,엔비알모션,KOSDAQ,기타 금속 가공제품 제조업,6380,-8.33,70246249920
048910,대원미디어,KOSDAQ,기타 전문 도매업,5580,0.18,70190518680
058400,KNN,KOSDAQ,텔레비전 방송업,5300,-2.03,70187751600
049550,잉크테크,KOSDAQ,기타 화학제품 제조업,3575,2.14,70092440275
332370,아이디피,KOSDAQ,컴퓨터 및 주변장치 제조업,5280,-3.65,70085273280
110790,크리스에프앤씨,KOSDAQ,봉제의복 제조업,2985,2.93,69941415600
162300,신스틸,KOSDAQ,1차 철강 제조업,1685,-4.1,69879278670
061250,화일약품,KOSDAQ,의약품 제조업,8290,-6.22,69781771360
388870,파로스아이바이오,KOSDAQ,자연과학 및 공학 연구개발업,5390,-4.94,69778573480
246960,SCL사이언스,KOSDAQ,의료용품 및 기타 의약 관련제품 제조업,2050,5.24,69734946350
079980,휴비스,KOSPI,화학섬유 제조업,2020,-3.35,69690000000
432470,케이엔에스,KOSDAQ,특수 목적용 기계 제조업,7940,-4.91,69646154640
009770,삼정펄프,KOSPI,"펄프, 종이 및 판지 제조업",27850,-2.28,69624192350
002700,신일전자,KOSPI,기계장비 및 관련 물품 도매업,1015,-0.29,69575733815
33626K,두산퓨얼셀1우,KOSPI,기타,5200,-3.88,69493840000
091120,이엠텍,KOSDAQ,전자부품 제조업,4055,-4.59,69474055480
018500,동원모빌리티,KOSPI,자동차 신품 부품 제조업,1485,-2.24,69431075505
033130,디지틀조선,KOSDAQ,"자료처리, 호스팅, 포털 및 기타 인터넷 정보매개 서비스업",1870,-3.76,69405549290
0015S0,페스카로,KOSDAQ,"그외 기타 전문, 과학 및 기술 서비스업",7030,-3.83,69363111900
147760,피엠티,KOSDAQ,"측정, 시험, 항해, 제어 및 기타 정밀기기 제조업; 광학기기 제외",3465,3.43,69300000000
137080,나래나노텍,KOSDAQ,특수 목적용 기계 제조업,6460,-0.46,69186270540
002795,아모레퍼시픽홀딩스우,KOSPI,기타,10840,-2.17,69171904480
001560,제일연마,KOSPI,기타 비금속 광물제품 제조업,9100,2.13,69160000000
096350,대창솔루션,KOSDAQ,"구조용 금속제품, 탱크 및 증기발생기 제조업",1876,-1.68,69139533512
196490,디에이테크놀로지,KOSDAQ,특수 목적용 기계 제조업,6090,0.0,69131518050
347000,센코,KOSDAQ,"측정, 시험, 항해, 제어 및 기타 정밀기기 제조업; 광학기기 제외",1826,-0.11,69042604796
039010,현대에이치티,KOSDAQ,통신 및 방송 장비 제조업,7990,6.96,68913750000
002720,국제약품,KOSPI,의약품 제조업,3255,-2.98,68875253160
002800,신신제약,KOSDAQ,의약품 제조업,4540,0.0,68874070000
017370,우신시스템,KOSPI,특수 목적용 기계 제조업,3760,-6.7,68860843040
382480,지아이텍,KOSDAQ,특수 목적용 기계 제조업,1748,-4.43,68796280720
205470,휴마시스,KOSDAQ,의료용품 및 기타 의약 관련제품 제조업,2785,-2.45,68719877785
417790,트루엔,KOSDAQ,영상 및 음향기기 제조업,6560,3.14,68672644960
020710,시공테크,KOSDAQ,전문디자인업,3425,-6.42,68664297250
323350,다원넥스뷰,KOSDAQ,특수 목적용 기계 제조업,8530,-2.18,68331885160
419080,엔젯,KOSDAQ,특수 목적용 기계 제조업,6280,-1.88,68275010760
026150,특수건설,KOSDAQ,토목 건설업,3890,-0.89,68255227590
241690,유니테크노,KOSDAQ,자동차 신품 부품 제조업,2785,-1.24,68150916210
321370,센서뷰,KOSDAQ,전자부품 제조업,1312,1.78,67784356672
055490,테이팩스,KOSPI,플라스틱제품 제조업,14150,-3.21,67731097500
032850,비트컴퓨터,KOSDAQ,소프트웨어 개발 및 공급업,4070,-2.16,67656802510
208370,셀바스헬스케어,KOSDAQ,의료용 기기 제조업,2620,-2.96,67440277680
179530,애드바이오텍,KOSDAQ,의약품 제조업,2500,19.05,67375747500
038460,바이오스마트,KOSDAQ,전자부품 제조업,2665,-7.47,67356654430
478560,블랙야크아이앤씨,KOSDAQ,신발 및 신발 부분품 제조업,2605,-3.7,67287926290
059270,해성에어로보틱스,KOSDAQ,기타 금속 가공제품 제조업,6020,-4.9,67215099980
100590,머큐리,KOSDAQ,통신 및 방송 장비 제조업,3920,-5.31,67187016400
191420,테고사이언스,KOSDAQ,기초 의약물질 제조업,8280,-2.59,67141145520
443250,레뷰코퍼레이션,KOSDAQ,광고업,6210,-3.27,67128963570
005870,휴니드,KOSPI,통신 및 방송 장비 제조업,4745,3.26,66980491175
014970,삼륭물산,KOSDAQ,"골판지, 종이 상자 및 종이용기 제조업",4515,1.01,66934875000
222110,팬젠,KOSDAQ,의약품 제조업,4920,-1.6,66491384280
424960,스마트레이더시스템,KOSDAQ,"측정, 시험, 항해, 제어 및 기타 정밀기기 제조업; 광학기기 제외",4025,-3.25,66352567750
109860,동일금속,KOSDAQ,금속 주조업,7290,0.0,66339000000
288180,케이피항공산업,KOSDAQ,"항공기,우주선 및 부품 제조업",8960,4.19,66243627520
094860,네오리진,KOSDAQ,소프트웨어 개발 및 공급업,1246,-2.12,66175077444
331740,아우토크립트,KOSDAQ,소프트웨어 개발 및 공급업,6780,-3.14,66111718980
168330,내츄럴엔도텍,KOSDAQ,자연과학 및 공학 연구개발업,2080,-1.65,66050192000
016090,대현,KOSPI,봉제의복 제조업,1490,0.54,65980641900
123420,위메이드플레이,KOSDAQ,소프트웨어 개발 및 공급업,6340,-3.35,65942599940
456070,이엔셀,KOSDAQ,기초 의약물질 제조업,5970,-3.08,65846216490
039020,이건홀딩스,KOSDAQ,제재 및 목재 가공업,2910,8.18,65721503190
070300,퀀텀레일,KOSDAQ,소프트웨어 개발 및 공급업,1844,6.1,65507600276
010240,흥국,KOSDAQ,특수 목적용 기계 제조업,5590,0.9,65436540000
032540,TJ미디어,KOSDAQ,영상 및 음향기기 제조업,3130,-0.16,65408902690
136150,원일티엔아이,KOSDAQ,일반 목적용 기계 제조업,7800,-4.06,65372034000
253840,수젠텍,KOSDAQ,의료용품 및 기타 의약 관련제품 제조업,3895,-6.71,65214764000
412350,레이저쎌,KOSDAQ,특수 목적용 기계 제조업,4450,-3.16,64983541350
081150,티플랙스,KOSDAQ,1차 비철금속 제조업,2665,-2.38,64675291330
100220,비상교육,KOSPI,"서적, 잡지 및 기타 인쇄물 출판업",4975,-3.77,64658786475
043650,국순당,KOSDAQ,알코올음료 제조업,3620,-2.03,64647060480
214270,FSN,KOSDAQ,소프트웨어 개발 및 공급업,1427,-0.56,64578292795
100030,인지소프트,KOSDAQ,소프트웨어 개발 및 공급업,19630,-3.54,64459305820
004780,대륙제관,KOSDAQ,기타 금속 가공제품 제조업,4050,-0.86,64407955950
036000,예림당,KOSDAQ,"서적, 잡지 및 기타 인쇄물 출판업",2790,-1.24,64265632830
216050,인크로스,KOSDAQ,광고업,5260,-0.94,64164751720
005670,푸드웰,KOSDAQ,"과실, 채소 가공 및 저장 처리업",6410,-4.19,64100000000
142280,녹십자엠에스,KOSDAQ,의료용품 및 기타 의약 관련제품 제조업,2670,-2.55,63981292770
004440,삼일씨엔에스,KOSPI,"시멘트, 석회, 플라스터 및 그 제품 제조업",5010,-0.99,63787054470
007280,한국특강,KOSPI,1차 철강 제조업,2225,-3.05,63738551500
009200,무림페이퍼,KOSPI,"펄프, 종이 및 판지 제조업",1531,-1.23,63703853610
187420,HLB제넥스,KOSDAQ,기초 의약물질 제조업,1950,-2.5,63657646650
041460,한국전자인증,KOSDAQ,소프트웨어 개발 및 공급업,3350,-1.62,63650000000
039420,케이엘넷,KOSDAQ,전기 통신업,2770,-3.32,63563173380
043710,코스리거글로벌,KOSDAQ,기타 전문 도매업,3670,-2.0,63536882340
111710,남화산업,KOSDAQ,스포츠 서비스업,3080,-3.75,63411040000
457370,한켐,KOSDAQ,기초 화학물질 제조업,7850,-11.3,63327001900
068290,삼성출판사,KOSPI,"서적, 잡지 및 기타 인쇄물 출판업",6330,-1.56,63300000000
464490,쿼드메디슨,KOSDAQ,기초 의약물질 제조업,5510,-5.49,63266442630
411080,샌즈랩,KOSDAQ,소프트웨어 개발 및 공급업,4135,-5.81,63131683130
126880,제이엔케이글로벌,KOSDAQ,일반 목적용 기계 제조업,2720,-3.89,63117336160
261780,아리바이오랩,KOSDAQ,자연과학 및 공학 연구개발업,2250,-4.46,63031304250
0007J0,인벤테라,KOSDAQ,자연과학 및 공학 연구개발업,8010,-3.03,63004369140
333620,엔시스,KOSDAQ,기타 전기장비 제조업,5710,-0.52,62798066100
006890,태경케미컬,KOSPI,기초 화학물질 제조업,5410,-2.17,62756000000
001840,이화공영,KOSDAQ,건물 건설업,2215,0.0,62588831935
396690,미래에셋글로벌리츠,KOSPI,부동산 임대 및 공급업,1575,-1.25,62379355500
294090,이오플로우,KOSDAQ,의료용 기기 제조업,1490,0.0,62295566450
010660,화천기계,KOSPI,특수 목적용 기계 제조업,2820,-4.57,62040000000
089850,유비벨록스,KOSDAQ,소프트웨어 개발 및 공급업,4210,-1.41,62014137790
204840,지엘팜텍,KOSDAQ,생활용품 도매업,3995,-3.03,61961654995
072130,유엔젤,KOSPI,"자료처리, 호스팅, 포털 및 기타 인터넷 정보매개 서비스업",4880,-0.31,61953815520
303360,프로티아,KOSDAQ,의료용 기기 제조업,4800,-2.44,61822632000
082210,옵트론텍,KOSDAQ,사진장비 및 광학기기 제조업,1762,0.0,61605387460
457600,벡트,KOSDAQ,영상 및 음향기기 제조업,4490,2.28,61546675000
016250,SGC E&C,KOSDAQ,건물 건설업,12160,-0.49,61249749760
215360,우리산업,KOSDAQ,자동차 신품 부품 제조업,6700,-4.42,61185492100
083790,CG인바이츠,KOSDAQ,자연과학 및 공학 연구개발업,795,-4.79,61130874690
095270,웨이브일렉트로,KOSDAQ,"측정, 시험, 항해, 제어 및 기타 정밀기기 제조업; 광학기기 제외",4250,-3.85,61082725500
071090,하이스틸,KOSPI,1차 철강 제조업,3025,-3.82,61079199775
175140,아고스,KOSDAQ,통신 및 방송 장비 제조업,2445,2.95,60988698585
203400,에이비온,KOSDAQ,자연과학 및 공학 연구개발업,676,0.0,60908481504
065530,와이어블,KOSDAQ,전기 통신업,1271,-5.15,60803062689
214330,금호에이치티,KOSPI,자동차 신품 부품 제조업,5810,0.0,60754757490
004770,써니전자,KOSPI,전자부품 제조업,1710,0.71,60717718980
054300,팬스타엔터프라이즈,KOSDAQ,일반 목적용 기계 제조업,1046,1.55,60533008470
011300,우성머티리얼스,KOSPI,직물직조 및 직물제품 제조업,3510,-2.64,60508556550
002760,보락,KOSPI,기타 화학제품 제조업,1009,-0.3,60439100000
448710,코츠테크놀로지,KOSDAQ,컴퓨터 및 주변장치 제조업,11420,-2.89,60358034640
008370,원풍,KOSDAQ,플라스틱제품 제조업,5020,1.11,60240000000
251630,브이원텍,KOSDAQ,특수 목적용 기계 제조업,3775,-1.69,60184394650
179900,유티아이,KOSDAQ,전자부품 제조업,3040,9.55,60162852480
459550,알트,KOSDAQ,통신 및 방송 장비 제조업,2385,-7.38,60151514985
060310,3S,KOSDAQ,"측정, 시험, 항해, 제어 및 기타 정밀기기 제조업; 광학기기 제외",1131,4.14,60009774240
453860,에이에스텍,KOSDAQ,기타 화학제품 제조업,9270,-1.17,59739801210
064800,포니링크,KOSDAQ,"섬유, 의복, 신발 및 가죽제품 소매업",2330,7.62,59558199470
092300,현우산업,KOSDAQ,전자부품 제조업,2955,6.29,59542868805
122350,삼기,KOSDAQ,자동차 신품 부품 제조업,1553,-6.84,59541131684
097800,윈팩,KOSDAQ,반도체 제조업,2180,-3.75,59492298100
111110,호전실업,KOSPI,봉제의복 제조업,6560,-2.67,59472960000
014470,부방,KOSDAQ,부동산 임대 및 공급업,990,-0.7,59451737400
050960,수산아이앤티,KOSDAQ,소프트웨어 개발 및 공급업,8800,0.0,59408800000
228340,동양파일,KOSDAQ,"시멘트, 석회, 플라스터 및 그 제품 제조업",2970,-4.19,59400000000
000220,유유제약,KOSPI,의약품 제조업,3770,-1.31,59367931740
003310,대주산업,KOSDAQ,동물용 사료 및 조제식품 제조업,1675,-1.47,59282186250
092440,기신정기,KOSPI,특수 목적용 기계 제조업,2030,-0.73,59276000000
033320,제이씨현시스템,KOSDAQ,기계장비 및 관련 물품 도매업,3100,-2.21,59254739200
459100,위츠,KOSDAQ,전자부품 제조업,4400,-4.35,59250840000
049480,오픈베이스,KOSDAQ,"컴퓨터 프로그래밍, 시스템 통합 및 관리업",1884,-3.29,59199769572
067920,이글루,KOSDAQ,기타 정보 서비스업,5380,-1.82,59159120220
291230,컴투스엔,KOSDAQ,기타 사업지원 서비스업,2460,-10.22,59067628260
263600,덕우전자,KOSDAQ,전자부품 제조업,3695,-5.98,58862495450
002630,오리엔트바이오,KOSPI,의약품 제조업,992,-1.68,58817169984
348150,고바이오랩,KOSDAQ,자연과학 및 공학 연구개발업,3015,-6.8,58547950335
090080,평화산업,KOSPI,자동차 신품 부품 제조업,1066,0.38,58525808094
347740,피엔케이피부임상연구센타,KOSDAQ,"그외 기타 전문, 과학 및 기술 서비스업",1946,-3.42,58400580896
007460,에이프로젠,KOSPI,의약품 제조업,2470,-3.89,58279484510
318160,셀바이오휴먼텍,KOSDAQ,기타 섬유제품 제조업,6230,-10.74,58172705990
036120,서울평가정보,KOSDAQ,기타 정보 서비스업,1655,0.55,58164975000
001465,BYC우,KOSPI,기타,27000,1.89,58153950000
099520,DGI,KOSDAQ,영상 및 음향기기 제조업,1284,0.0,58141862016
037440,희림,KOSDAQ,"건축기술, 엔지니어링 및 관련 기술 서비스업",4165,-0.95,57987108375
003925,남양유업우,KOSPI,기타,30650,-1.13,57963716850
241790,티이엠씨씨엔에스,KOSDAQ,특수 목적용 기계 제조업,5790,-0.86,57915250860
238090,앤디포스,KOSDAQ,플라스틱제품 제조업,1898,-5.05,57870855120
053620,태양,KOSDAQ,기타 금속 가공제품 제조업,6720,-0.15,57792000000
129260,인터지스,KOSPI,도로 화물 운송업,1941,-0.92,57740623434
024900,디와이덕양,KOSPI,자동차 신품 부품 제조업,1772,-1.5,57705144560
036090,위지트,KOSDAQ,특수 목적용 기계 제조업,1354,3.36,57613395956
024950,삼천리자전거,KOSDAQ,생활용품 도매업,4645,8.28,57598000000
294140,레몬,KOSDAQ,화학섬유 제조업,2310,9.22,57553229580
155650,와이엠씨,KOSDAQ,전자부품 제조업,3030,-2.73,57492304740
010470,오리콤,KOSDAQ,광고업,4800,-1.03,57480240000
950220,네오이뮨텍,KOSDAQ,자연과학 및 공학 연구개발업,1676,3.39,57339043840
075180,새론오토모티브,KOSPI,자동차 신품 부품 제조업,2985,0.84,57312000000
408470,한패스,KOSDAQ,기타 금융업,5420,-6.87,57300240000
273640,와이엠텍,KOSDAQ,"전동기, 발전기 및 전기 변환 · 공급 · 제어 장치 제조업",5220,-1.69,57242520000
025550,한국선재,KOSDAQ,1차 철강 제조업,2240,1.36,57151368960
039610,화성밸브,KOSDAQ,일반 목적용 기계 제조업,5480,-1.08,57048992000
007370,진양제약,KOSDAQ,의약품 제조업,4025,-0.62,56891712675
263690,디알젬,KOSDAQ,의료용 기기 제조업,5010,-3.47,56741306100
439580,블루엠텍,KOSDAQ,기타 전문 도매업,1673,-3.35,56625273131
053160,프리엠스,KOSDAQ,"전동기, 발전기 및 전기 변환 · 공급 · 제어 장치 제조업",9400,-0.32,56400000000
061040,알에프텍,KOSDAQ,통신 및 방송 장비 제조업,6230,-3.26,56370429290
950200,소마젠,KOSDAQ,"그외 기타 전문, 과학 및 기술 서비스업",2930,0.69,56361635290
004450,삼화왕관,KOSPI,기타 금속 가공제품 제조업,26150,-4.04,56337010850
094850,참좋은여행,KOSDAQ,여행사 및 기타 여행보조 서비스업,4020,-4.17,56280000000
347860,알체라,KOSDAQ,소프트웨어 개발 및 공급업,1332,-5.33,56148657804
000950,전방,KOSPI,방적 및 가공사 제조업,33400,4.7,56112000000
027050,코리아나,KOSDAQ,기타 화학제품 제조업,1402,-7.09,56080000000
094940,푸른로보틱스,KOSDAQ,컴퓨터 및 주변장치 제조업,6700,3.08,56021286200
046940,우원개발,KOSDAQ,기반조성 및 시설물 축조관련 전문공사업,3090,-2.06,55849741500
900300,오가닉티코스메틱,KOSDAQ,기타 금융업,2710,-4.75,55772062870
378850,화승알앤에이,KOSPI,자동차 신품 부품 제조업,2935,-2.98,55746283505
317830,에스피시스템스,KOSDAQ,특수 목적용 기계 제조업,5170,-4.26,55700639060
002140,고려산업,KOSPI,"곡물가공품, 전분 및 전분제품 제조업",2230,3.0,55614917750
340930,성원에너텍,KOSDAQ,특수 목적용 기계 제조업,806,0.0,55513882710
020760,일진디스플,KOSPI,반도체 제조업,902,0.0,55503470462
131400,이브이첨단소재,KOSDAQ,전자부품 제조업,931,2.08,55480042142
056360,코위버,KOSDAQ,통신 및 방송 장비 제조업,5660,-5.51,55449888000
054930,유신,KOSDAQ,"건축기술, 엔지니어링 및 관련 기술 서비스업",18480,3.41,55440000000
460870,에스엠씨지,KOSDAQ,유리 및 유리제품 제조업,2760,-6.12,55402319040
066670,디티씨,KOSDAQ,부동산 임대 및 공급업,2960,-2.31,55328077280
065170,비엘팜텍,KOSDAQ,음·식료품 및 담배 도매업,1981,-11.96,55297223933
036670,삼양케이씨아이,KOSDAQ,기타 화학제품 제조업,5130,-0.58,55199826000
104540,코렌텍,KOSDAQ,의료용 기기 제조업,4110,-3.29,55104455100
053270,구영테크,KOSDAQ,자동차 신품 부품 제조업,2010,-0.5,55094914050
023810,인팩,KOSPI,자동차 신품 부품 제조업,5500,0.18,55000000000
452400,이닉스,KOSDAQ,자동차 신품 부품 제조업,6050,-0.17,54882139400
370090,퓨런티어,KOSDAQ,"측정, 시험, 항해, 제어 및 기타 정밀기기 제조업; 광학기기 제외",6410,-6.97,54849280300
000725,현대건설우,KOSPI,기타,52000,-0.95,54844036000
045340,토탈소프트,KOSDAQ,소프트웨어 개발 및 공급업,6400,-3.76,54771456000
024910,경창산업,KOSDAQ,자동차 신품 부품 제조업,1529,3.66,54767258645
217480,에스디생명공학,KOSDAQ,기타 화학제품 제조업,499,0.0,54756837359
001550,조비,KOSPI,"비료, 농약 및 살균, 살충제 제조업",10540,5.61,54726199060
003465,유화증권우,KOSPI,기타,3130,-0.32,54701210250
010770,평화홀딩스,KOSPI,자동차 신품 부품 제조업,3740,-3.11,54699242840
033230,인성정보,KOSDAQ,"컴퓨터 프로그래밍, 시스템 통합 및 관리업",1081,1.98,54607125780
042110,에스씨디,KOSDAQ,가정용 기기 제조업,1127,-0.44,54467418628
003475,유안타증권우,KOSPI,기타,4245,-2.75,54384265650
123700,SJM,KOSPI,자동차 신품 부품 제조업,3480,0.87,54305045040
040610,SG&G,KOSDAQ,자동차 신품 부품 제조업,3180,-0.16,54198641640
101140,인바이오젠,KOSPI,기계장비 및 관련 물품 도매업,5390,1.32,54138324240
007110,일신석재,KOSPI,"건축자재, 철물 및 난방장치 도매업",698,22.24,54064713780
007815,코리아써우,KOSPI,기타,18220,-6.08,54016651800
046210,HLB파나진,KOSDAQ,의료용품 및 기타 의약 관련제품 제조업,1186,0.08,53996160560
060570,드림어스컴퍼니,KOSDAQ,영상·오디오물 제공 서비스업,728,0.0,53945945144
033310,엠투엔,KOSDAQ,전자부품 제조업,1346,-1.39,53802925776
088910,동우팜투테이블,KOSDAQ,"도축, 육류 가공 및 저장 처리업",2090,-4.35,53758486760
006880,신송홀딩스,KOSPI,산업용 농·축산물 및 동·식물 도매업,4540,-2.05,53703015320
170790,파이오링크,KOSDAQ,통신 및 방송 장비 제조업,8380,-3.79,53609667300
192250,케이사인,KOSDAQ,소프트웨어 개발 및 공급업,7580,-5.25,53568807500
117670,알파칩스,KOSDAQ,반도체 제조업,8040,-6.94,53560405680
053050,지에스이,KOSDAQ,연료용 가스 제조 및 배관공급업,1785,1.19,53527860645
004830,덕성,KOSPI,플라스틱제품 제조업,3410,1.04,53468800000
012690,모나리자,KOSPI,기타 종이 및 판지 제품 제조업,1462,-4.26,53467174810
011230,삼화전자,KOSPI,영상 및 음향기기 제조업,2785,-6.23,53376711225
391710,코닉오토메이션,KOSDAQ,특수 목적용 기계 제조업,1249,-6.58,53232967030
002410,범양건영,KOSPI,건물 건설업,1935,0.0,53173451700
420570,제이투케이바이오,KOSDAQ,기타 화학제품 제조업,9080,-5.71,53095145640
299170,더블유에스아이,KOSDAQ,생활용품 도매업,1279,-3.62,53092937352
025530,SJM홀딩스,KOSPI,자동차 부품 및 내장품 판매업,3550,0.28,53015728400
014950,삼익제약,KOSDAQ,의약품 제조업,5250,-3.49,52854837000
021050,서원,KOSPI,금속 주조업,1112,0.27,52791744080
027830,대성창투,KOSDAQ,신탁업 및 집합투자업,976,-3.37,52704000000
435570,에르코스,KOSDAQ,도시락 및 식사용 조리식품 제조업,6900,-3.23,52557182700
217500,러셀,KOSDAQ,특수 목적용 기계 제조업,1650,-3.17,52489800000
039240,경남스틸,KOSDAQ,1차 철강 제조업,1942,0.0,52394390968
37550K,DL이앤씨우,KOSPI,기타,24750,-1.2,52318653750
227950,엔투텍,KOSDAQ,특수 목적용 기계 제조업,1515,8.91,52279936635
0013V0,삼진식품,KOSDAQ,수산물 가공 및 저장 처리업,5260,-2.41,52172130560
064240,홈캐스트,KOSDAQ,기타 전문 도매업,1502,-1.83,52110765002
005305,롯데칠성우,KOSPI,기타,67100,-2.75,52023301000
314140,알피바이오,KOSDAQ,의약품 제조업,5990,-3.39,51911502390
372910,한컴라이프케어,KOSPI,의료용 기기 제조업,1875,-0.53,51889511250
015710,코콤,KOSDAQ,통신 및 방송 장비 제조업,2955,-4.83,51802627500
376290,씨유테크,KOSDAQ,전자부품 제조업,2930,0.86,51736475000
476040,오가노이드사이언스,KOSDAQ,자연과학 및 공학 연구개발업,7830,-4.86,51566500800
096610,알에프세미,KOSDAQ,반도체 제조업,2965,0.0,51550708615
104620,노랑풍선,KOSDAQ,여행사 및 기타 여행보조 서비스업,3055,-2.55,51356236360
071670,에이테크솔루션,KOSDAQ,특수 목적용 기계 제조업,5120,-6.57,51200000000
009320,아진전자부품,KOSPI,자동차 신품 부품 제조업,1037,-0.48,51123861490
291650,츌립앤사이언스,KOSDAQ,자연과학 및 공학 연구개발업,1675,-0.06,51120365175
011390,부산산업,KOSPI,"시멘트, 석회, 플라스터 및 그 제품 제조업",48300,17.52,51004800000
317530,에피소드컴퍼니,KOSDAQ,"영화, 비디오물, 방송프로그램 제작 및 배급업",2915,0.0,50997581030
299660,셀리드,KOSDAQ,자연과학 및 공학 연구개발업,1722,-5.38,50804126394
463480,모티브링크,KOSDAQ,전자부품 제조업,4100,-5.42,50800467800
109080,옵티시스,KOSDAQ,통신 및 방송 장비 제조업,9010,-0.77,50780360000
260930,씨티케이,KOSDAQ,기타 화학제품 제조업,2620,-4.73,50674968420
302430,이노메트리,KOSDAQ,특수 목적용 기계 제조업,5150,-7.21,50641021200
35320K,대덕전자1우,KOSPI,기타,24100,-2.82,50502007900
256630,포인트엔지니어링,KOSDAQ,기타 금속 가공제품 제조업,4350,0.81,50457450900
393970,대진첨단소재,KOSDAQ,플라스틱제품 제조업,2825,0.0,50428566500
317870,엔바이오니아,KOSDAQ,그외 기타 제품 제조업,5700,1.6,50398801500
340360,다보링크,KOSDAQ,통신 및 방송 장비 제조업,965,4.66,50240574980
060560,HC홈센타,KOSDAQ,기타 전문 도매업,1977,-0.2,50192077977
003780,진양산업,KOSPI,플라스틱제품 제조업,3860,-0.77,50180000000
053450,세코닉스,KOSDAQ,사진장비 및 광학기기 제조업,3390,-3.97,50147602170
311690,CJ 바이오사이언스,KOSDAQ,자연과학 및 공학 연구개발업,3835,-3.52,50106046770
011330,유니켐,KOSPI,자동차 신품 부품 제조업,4980,2.36,49893539340
048770,TPC로보틱스,KOSDAQ,일반 목적용 기계 제조업,3170,-5.37,49762631470
081180,쎄크,KOSDAQ,일반 목적용 기계 제조업,5630,-7.86,49687762050
122310,제노레이,KOSDAQ,의료용 기기 제조업,3410,-0.87,49628608040
317850,대모,KOSDAQ,특수 목적용 기계 제조업,5950,-2.14,49530299000
105760,포스뱅크,KOSDAQ,일반 목적용 기계 제조업,4860,2.1,49527710820
001620,케이비아이동국실업,KOSPI,자동차 신품 부품 제조업,2225,-3.05,49525398350
038010,제일테크노스,KOSDAQ,"구조용 금속제품, 탱크 및 증기발생기 제조업",5490,-1.26,49410000000
340810,시선AI,KOSDAQ,소프트웨어 개발 및 공급업,3620,-5.24,49394813120
145170,노브랜드,KOSDAQ,편조의복 제조업,2900,-1.86,49034374500
037950,엘컴텍,KOSDAQ,전자부품 제조업,2900,-5.23,48979558700
317690,퀀타매트릭스,KOSDAQ,의료용 기기 제조업,2430,-6.36,48928120470
006980,우성,KOSPI,"곡물가공품, 전분 및 전분제품 제조업",15830,-2.94,48914700000
004920,씨아이테크,KOSPI,영상 및 음향기기 제조업,937,-0.21,48892540064
440290,HB인베스트먼트,KOSDAQ,기타 금융업,1777,0.0,48878926110
28513K,SK케미칼우,KOSPI,기타,23100,-2.74,48866409900
063440,SM Life Design,KOSDAQ,기록매체 복제업,1075,-2.27,48718316300
198080,캐프,KOSDAQ,전자부품 제조업,2260,-5.83,48669518100
006370,대구백화점,KOSPI,종합 소매업,4490,-8.65,48589033390
384470,코어라인소프트,KOSDAQ,소프트웨어 개발 및 공급업,2705,-4.75,48545801860
011000,진원생명과학,KOSPI,의약품 제조업,2670,0.0,48531471270
361570,알비더블유,KOSDAQ,오디오물 출판 및 원판 녹음업,1688,4.52,48518675208
321260,프로이천,KOSDAQ,반도체 제조업,1720,-3.1,48490384480
262260,에이프로,KOSDAQ,기타 전기장비 제조업,3215,-3.89,48474676900
084650,랩지노믹스,KOSDAQ,자연과학 및 공학 연구개발업,652,-0.91,48404473480
092780,DYP,KOSPI,자동차용 엔진 및 자동차 제조업,3665,1.24,48262405900
480370,씨케이솔루션,KOSPI,일반 목적용 기계 제조업,1480,1.51,48072483840
006125,SK디스커버리우,KOSPI,기타,39000,0.0,48036495000
219550,디와이디,KOSDAQ,생활용품 도매업,1242,-1.19,48032183952
065130,탑엔지니어링,KOSDAQ,특수 목적용 기계 제조업,3000,0.17,48012000000
226340,본느,KOSDAQ,기타 화학제품 제조업,5720,-23.22,47993568480
004060,SG세계물산,KOSPI,상품 종합 도매업,2365,-4.25,47873503040
082660,코스나인,KOSDAQ,기타 화학제품 제조업,480,0.0,47827617120
315640,딥노이드,KOSDAQ,소프트웨어 개발 및 공급업,1625,-5.47,47729877000
019990,에너토크,KOSDAQ,일반 목적용 기계 제조업,4885,-6.77,47658489880
418250,시큐레터,KOSDAQ,소프트웨어 개발 및 공급업,6550,0.0,47629012750
072470,우리산업홀딩스,KOSDAQ,자동차 신품 부품 제조업,2510,-6.17,47407225910
357250,미래에셋맵스리츠,KOSPI,부동산 임대 및 공급업,1895,-0.26,47365723975
053980,오상자이엘,KOSDAQ,소프트웨어 개발 및 공급업,2495,-5.13,47362043585
004910,조광페인트,KOSPI,기타 화학제품 제조업,3690,0.14,47232000000
050120,ES큐브,KOSDAQ,생활용품 도매업,3480,0.87,47203019280
099410,동방선기,KOSDAQ,선박 및 보트 건조업,3370,-2.6,47180000000
041650,상신브레이크,KOSPI,자동차 신품 부품 제조업,2195,-2.44,47129832750
023440,제이스코홀딩스,KOSDAQ,1차 철강 제조업,521,0.0,46964378481
094970,제이엠티,KOSDAQ,전자부품 제조업,2800,-3.45,46895072000
051390,YW,KOSDAQ,상품 종합 도매업,4120,-1.08,46784116160
424980,마이크로투나노,KOSDAQ,반도체 제조업,7900,3.95,46759231000
355690,에이텀,KOSDAQ,전자부품 제조업,4880,-4.31,46703498320
114450,그린생명과학,KOSDAQ,기초 의약물질 제조업,2335,3.32,46700000000
479960,위너스일렉,KOSDAQ,기타 전기장비 제조업,6550,-0.3,46675300000
009835,한화솔루션우,KOSPI,기타,18240,-1.67,46413795840
007680,대원,KOSDAQ,건물 건설업,3510,1.01,46411810380
180060,탑선,KONEX,기타 전기장비 제조업,4965,-0.5,46411161690
069460,대호에이엘,KOSPI,1차 비철금속 제조업,2660,0.0,46322277400
189980,흥국에프엔비,KOSDAQ,비알코올음료 및 얼음 제조업,1154,-1.2,46319052358
136410,아셈스,KOSDAQ,플라스틱제품 제조업,4200,-13.31,46280245200
224110,에이텍모빌리티,KOSDAQ,통신 및 방송 장비 제조업,9100,3.76,46231512600
002920,유성기업,KOSPI,자동차 신품 부품 제조업,1781,-4.25,46212497500
004410,서울식품,KOSPI,기타 식품 제조업,1169,1.56,46122910197
471820,셀로맥스사이언스,KOSDAQ,기타 식품 제조업,4080,-0.97,46115746320
089790,제이티,KOSDAQ,특수 목적용 기계 제조업,4470,1.59,46110343110
072990,에이치시티,KOSDAQ,기타 과학기술 서비스업,3160,-4.39,45814330960
127710,아시아경제,KOSDAQ,"자료처리, 호스팅, 포털 및 기타 인터넷 정보매개 서비스업",1039,1.17,45767129190
0010V0,제이피아이헬스케어,KOSDAQ,의료용 기기 제조업,8950,0.79,45693330000
162120,루켄테크놀러지스,KONEX,기타 전기장비 제조업,4095,1.11,45686285190
286750,나노실리칸첨단소재,KOSDAQ,기초 화학물질 제조업,1425,0.0,45641121225
008420,문배철강,KOSPI,1차 철강 제조업,2225,-0.67,45620298625
066130,하츠,KOSDAQ,가정용 기기 제조업,3560,-5.94,45568000000
461030,아이엠비디엑스,KOSDAQ,자연과학 및 공학 연구개발업,3165,-6.77,45368746305
000910,유니온,KOSPI,"시멘트, 석회, 플라스터 및 그 제품 제조업",2900,-1.36,45273695100
004540,깨끗한나라,KOSPI,"펄프, 종이 및 판지 제조업",1211,-1.46,45098479223
005030,부산주공,KOSPI,자동차 신품 부품 제조업,486,0.0,45092532168
088280,쏘닉스,KOSDAQ,반도체 제조업,2600,0.0,44996874000
159580,제로투세븐,KOSDAQ,생활용품 도매업,2245,-0.66,44973267820
163280,에어레인,KOSDAQ,일반 목적용 기계 제조업,3300,-2.8,44890157400
074610,이엔플러스,KOSPI,일반 목적용 기계 제조업,5110,0.0,44815400070
382150,온코크로스,KOSDAQ,자연과학 및 공학 연구개발업,3435,-7.16,44814225990
084870,TBH글로벌,KOSPI,봉제의복 제조업,2180,0.23,44598998080
129890,앱코,KOSDAQ,컴퓨터 및 주변장치 제조업,976,0.62,44452507552
222420,쎄노텍,KOSDAQ,기타 비금속 광물제품 제조업,918,-1.08,44448204114
003080,SB성보,KOSPI,"비료, 농약 및 살균, 살충제 제조업",2220,-4.93,44444400000
196300,HLB펩,KOSDAQ,기초 의약물질 제조업,4740,0.11,44444320860
263020,디케이앤디,KOSDAQ,플라스틱제품 제조업,3200,-1.39,44275667200
460470,아이빔테크놀로지,KOSDAQ,사진장비 및 광학기기 제조업,2920,-4.26,44148560400
288330,파라택시스코리아,KOSDAQ,"그외 기타 전문, 과학 및 기술 서비스업",416,0.0,44129674368
059100,아이컴포넌트,KOSDAQ,전자부품 제조업,6220,2.81,43980749200
190650,코리아에셋투자증권,KOSDAQ,금융 지원 서비스업,6880,0.29,43949440000
014190,원익큐브,KOSDAQ,기타 전문 도매업,1241,3.42,43925283111
466410,사이냅소프트,KOSDAQ,소프트웨어 개발 및 공급업,8720,-2.79,43922840560
481850,신한글로벌액티브리츠,KOSPI,신탁업 및 집합투자업,1009,0.0,43868962976
373200,엑스플러스,KOSDAQ,그외 기타 제품 제조업,1747,-8.68,43750535039
014910,성문전자,KOSPI,전자부품 제조업,1997,-1.38,43648942229
068330,일신바이오,KOSDAQ,일반 목적용 기계 제조업,987,-0.3,43641330180
307280,원바이오젠,KOSDAQ,의료용품 및 기타 의약 관련제품 제조업,6150,-3.61,43631956050
278650,HLB바이오스텝,KOSDAQ,자연과학 및 공학 연구개발업,2500,-1.57,43580990000
082850,우리바이오,KOSDAQ,기타 식품 제조업,897,0.0,43465550466
083550,케이엠,KOSDAQ,기타 섬유제품 제조업,3200,1.43,43379728000
052790,액토즈소프트,KOSDAQ,소프트웨어 개발 및 공급업,3965,-1.61,43315828855
189860,서전기전,KOSDAQ,"전동기, 발전기 및 전기 변환 · 공급 · 제어 장치 제조업",4455,-5.61,43208064900
073110,엘엠에스,KOSDAQ,전자부품 제조업,4855,-0.72,43188890525
238120,얼라인드,KOSDAQ,사진장비 및 광학기기 제조업,3035,-2.88,43152461590
023350,한국종합기술,KOSPI,"건축기술, 엔지니어링 및 관련 기술 서비스업",3940,-4.14,43143000000
352910,오비고,KOSDAQ,"컴퓨터 프로그래밍, 시스템 통합 및 관리업",3410,-1.45,43094904820
065500,오리엔트정공,KOSDAQ,자동차 신품 부품 제조업,1205,-1.23,43070208960
218150,미래생명자원,KOSDAQ,동물용 사료 및 조제식품 제조업,2105,1.94,42975263210
143540,영우디에스피,KOSDAQ,특수 목적용 기계 제조업,960,-6.89,42815899200
026940,부국철강,KOSPI,1차 철강 제조업,2140,-4.04,42800000000
413640,비아이매트릭스,KOSDAQ,소프트웨어 개발 및 공급업,5930,-8.77,42737154200
261520,이지스,KOSDAQ,소프트웨어 개발 및 공급업,4155,0.0,42704259000
229000,젠큐릭스,KOSDAQ,의료용품 및 기타 의약 관련제품 제조업,1818,0.28,42592403970
246690,TS인베스트먼트,KOSDAQ,신탁업 및 집합투자업,1786,-2.19,42467818764
042040,케이피엠테크,KOSDAQ,기타 전문 도매업,4870,-6.88,42227726170
189690,포시에스,KOSDAQ,소프트웨어 개발 및 공급업,1544,0.0,42185120136
150900,파수AI,KOSDAQ,소프트웨어 개발 및 공급업,3595,-4.01,42075599590
101240,씨큐브,KOSDAQ,기초 화학물질 제조업,3700,7.25,42021092400
296160,프로젠,KONEX,자연과학 및 공학 연구개발업,2730,-0.18,41973965670
122690,서진오토모티브,KOSDAQ,자동차 신품 부품 제조업,1817,-0.22,41934844622
900250,크리스탈신소재,KOSDAQ,기타 금융업,1169,-3.79,41867736169
140520,대창스틸,KOSDAQ,1차 철강 제조업,1983,1.07,41859628869
038060,루멘스,KOSDAQ,반도체 제조업,870,-1.69,41849670030
273060,와이즈버즈,KOSDAQ,광고업,851,-0.93,41821782280
153460,네이블,KOSDAQ,소프트웨어 개발 및 공급업,6400,-3.47,41792089600
450330,하스,KOSDAQ,의료용품 및 기타 의약 관련제품 제조업,5100,-2.3,41752899300
033340,좋은사람들,KOSDAQ,봉제의복 제조업,429,30.0,41591789382
056700,신화인터텍,KOSDAQ,플라스틱제품 제조업,1425,-1.93,41517504675
123010,알엔티엑스,KOSDAQ,전자부품 제조업,2050,-0.97,41442322350
258610,케일럼,KOSDAQ,"구조용 금속제품, 탱크 및 증기발생기 제조업",1135,4.32,41410546505
037230,한국팩키지,KOSDAQ,"골판지, 종이 상자 및 종이용기 제조업",1388,-1.91,41362853876
019490,엑시큐어하이트론,KOSPI,영상 및 음향기기 제조업,541,0.0,41349858070
043340,에쎈테크,KOSDAQ,일반 목적용 기계 제조업,870,-1.81,41325000000
052220,iMBC,KOSDAQ,영상·오디오물 제공 서비스업,1794,0.84,41262000000
042940,상지건설,KOSDAQ,건물 건설업,6030,-3.37,41177133360
263810,상신전자,KOSDAQ,전자부품 제조업,2580,-0.77,41086048500
025880,케이씨피드,KOSDAQ,동물용 사료 및 조제식품 제조업,2450,-5.95,40953852100
199480,뱅크웨어글로벌,KOSDAQ,소프트웨어 개발 및 공급업,4010,13.92,40888317880
373160,데이원컴퍼니,KOSDAQ,기타 교육기관,2955,-2.8,40801070895
038070,서린바이오,KOSDAQ,기타 전문 도매업,4385,-3.84,40783464260
277070,린드먼아시아,KOSDAQ,신탁업 및 집합투자업,2975,-0.5,40733700000
086060,진바이오텍,KOSDAQ,산업용 농·축산물 및 동·식물 도매업,4720,0.43,40641970640
011420,갤럭시아에스엠,KOSPI,스포츠 서비스업,1475,-2.64,40635724900
104200,NHN벅스,KOSDAQ,기타 정보 서비스업,2740,-4.36,40627487000
290670,대보마그네틱,KOSDAQ,기타 전기장비 제조업,5160,-7.03,40545525600
065440,이루온,KOSDAQ,소프트웨어 개발 및 공급업,1484,-4.01,40476129680
178780,일월지엠엘,KOSDAQ,상품 종합 도매업,2170,0.0,40447053150
002290,삼일기업공사,KOSDAQ,건물 건설업,3260,-1.06,40424000000
017040,광명전기,KOSPI,"전동기, 발전기 및 전기 변환 · 공급 · 제어 장치 제조업",932,0.0,40390657180
256150,한독크린텍,KOSDAQ,일반 목적용 기계 제조업,4805,1.37,40337975000
057540,옴니시스템,KOSDAQ,"측정, 시험, 항해, 제어 및 기타 정밀기기 제조업; 광학기기 제외",678,-1.74,40269313704
017180,명문제약,KOSPI,의약품 제조업,1184,-5.51,40200889536
097870,효성오앤비,KOSDAQ,"비료, 농약 및 살균, 살충제 제조업",4730,1.94,40157700000
122830,원포유,KONEX,소프트웨어 개발 및 공급업,1226,0.49,40153933610
000215,DL우,KOSPI,기타,23800,-0.42,40129537000
219420,링크제니시스,KOSDAQ,소프트웨어 개발 및 공급업,3485,-5.17,39971231895
191600,블루탑,KONEX,전자부품 제조업,13980,0.07,39967813440
049830,승일,KOSDAQ,기타 금속 가공제품 제조업,6500,-0.76,39858728000
250000,보라티알,KOSDAQ,음·식료품 및 담배 도매업,5900,-0.67,39829324700
012280,영화금속,KOSPI,자동차 신품 부품 제조업,803,0.0,39768177515
171010,램테크놀러지,KOSDAQ,기초 화학물질 제조업,2780,-4.3,39750530560
064090,인크레더블버즈,KOSDAQ,상품 종합 도매업,798,0.0,39694710510
261200,덴티스,KOSDAQ,의료용 기기 제조업,2510,-1.38,39682347000
234100,폴라리스세원,KOSDAQ,자동차 신품 부품 제조업,2715,-7.34,39643441740
012160,영흥,KOSPI,1차 철강 제조업,2535,3.05,39598482105
008870,금비,KOSPI,유리 및 유리제품 제조업,39500,-4.93,39500000000
446840,지슨,KOSDAQ,"측정, 시험, 항해, 제어 및 기타 정밀기기 제조업; 광학기기 제외",3585,-0.28,39494568360
199550,레이저옵텍,KOSDAQ,의료용 기기 제조업,2660,-4.66,39489804060
112190,KC산업,KONEX,토목 건설업,1105,-14.93,39425811035
271830,팸텍,KOSDAQ,특수 목적용 기계 제조업,1336,29.96,39398909872
002880,디와이에이,KOSPI,자동차 신품 부품 제조업,840,0.0,39290155800
263770,유에스티,KOSDAQ,1차 철강 제조업,1657,1.97,39271185004
009460,한창제지,KOSPI,"펄프, 종이 및 판지 제조업",3290,0.92,39261205130
051490,나라엠앤디,KOSDAQ,특수 목적용 기계 제조업,2760,0.0,39192000000
019770,서연탑메탈,KOSDAQ,특수 목적용 기계 제조업,3355,1.67,39085750000
000890,보해양조,KOSPI,알코올음료 제조업,1409,-5.05,38922251225
452200,민테크,KOSDAQ,"측정, 시험, 항해, 제어 및 기타 정밀기기 제조업; 광학기기 제외",1599,0.0,38908147200
177900,쓰리에이로직스,KOSDAQ,반도체 제조업,4040,-2.3,38895504000
044960,이글벳,KOSDAQ,기타 전문 도매업,3075,-2.69,38873790225
200580,메디쎄이,KONEX,의료용 기기 제조업,10430,-0.1,38863003970
393210,토마토시스템,KOSDAQ,소프트웨어 개발 및 공급업,2485,-0.6,38802141840
446070,유니드비티플러스,KOSPI,제재 및 목재 가공업,3655,0.97,38783990825
221840,하이즈항공,KOSDAQ,"항공기,우주선 및 부품 제조업",2060,1.98,38523155660
145270,케이탑리츠,KOSPI,부동산 임대 및 공급업,800,-0.12,38448619200
049470,비트플래닛,KOSDAQ,소프트웨어 개발 및 공급업,1628,-5.79,38331095572
290120,DH오토리드,KOSDAQ,자동차 신품 부품 제조업,2415,-1.43,38217802455
221980,케이디켐,KOSDAQ,기타 화학제품 제조업,9460,-0.11,38169208000
047400,유니온머티리얼,KOSPI,"내화, 비내화 요업제품 제조업",906,-1.2,38052000000
260660,알리코제약,KOSDAQ,의료용품 및 기타 의약 관련제품 제조업,2480,-2.55,38011012080
046310,백금T&A,KOSDAQ,통신 및 방송 장비 제조업,2315,0.65,38009153915
023960,에쓰씨엔지니어링,KOSPI,토목 건설업,999,1.22,37997939025
089140,넥스턴앤롤코리아,KOSDAQ,특수 목적용 기계 제조업,2480,2.69,37984260320
105550,엣지파운드리,KOSDAQ,전자부품 제조업,2425,-11.33,37978919250
060850,영림원소프트랩,KOSDAQ,소프트웨어 개발 및 공급업,4670,-6.97,37971770000
208710,포톤,KOSDAQ,전자부품 제조업,2875,3.98,37892879500
027740,마니커,KOSPI,"도축, 육류 가공 및 저장 처리업",1189,0.0,37757425046
090410,덕신이피씨,KOSDAQ,"구조용 금속제품, 탱크 및 증기발생기 제조업",819,0.0,37742873805
215380,콜마바이오텍,KOSDAQ,자연과학 및 공학 연구개발업,2240,-4.48,37698250240
045060,오공,KOSDAQ,기타 화학제품 제조업,2225,5.45,37695892150
100660,서암기계공업,KOSDAQ,일반 목적용 기계 제조업,2990,-2.92,37674000000
321820,아티스트컴퍼니,KOSDAQ,창작 및 예술관련 서비스업,2415,-2.82,37653173040
186230,그린플러스,KOSDAQ,1차 비철금속 제조업,3425,0.74,37401643900
066900,디에이피,KOSDAQ,전자부품 제조업,1640,-4.6,37300984920
318410,비비씨,KOSDAQ,기타 화학제품 제조업,6700,6.18,37220128100
050860,아세아텍,KOSDAQ,특수 목적용 기계 제조업,1653,-1.2,37192500000
134790,시디즈,KOSPI,가구 제조업,18590,-10.19,37180000000
014570,고려제약,KOSDAQ,의약품 제조업,3380,-2.03,37180000000
206400,베노티앤알,KOSDAQ,실내건축 및 건축마무리 공사업,990,3.77,37135056420
204020,그리티,KOSDAQ,봉제의복 제조업,1908,0.26,37112187456
043910,자연과환경,KOSDAQ,"시멘트, 석회, 플라스터 및 그 제품 제조업",3270,0.77,37079004150
049800,우진플라임,KOSPI,특수 목적용 기계 제조업,1850,-1.02,37000000000
369370,블리츠웨이엔터테인먼트,KOSDAQ,창작 및 예술관련 서비스업,3700,-0.8,36905213400
263700,케어랩스,KOSDAQ,광고업,1900,-1.35,36886980000
348080,큐라티스,KOSDAQ,자연과학 및 공학 연구개발업,2860,-6.54,36687373580
123570,이엠넷,KOSDAQ,광고업,1646,0.43,36666424388
318020,포인트모바일,KOSDAQ,컴퓨터 및 주변장치 제조업,2980,5.86,36657790560
072770,멤레이비티,KOSDAQ,"컴퓨터 프로그래밍, 시스템 통합 및 관리업",881,-0.79,36572158338
128540,에코캡,KOSDAQ,자동차 신품 부품 제조업,1368,4.11,36512549280
032960,동일기연,KOSDAQ,전자부품 제조업,2070,-7.59,36417458250
006920,모헨즈,KOSDAQ,"시멘트, 석회, 플라스터 및 그 제품 제조업",3325,-3.2,36309000000
317240,TS트릴리온,KOSDAQ,기타 화학제품 제조업,1244,-0.08,36295828484
033540,파라텍,KOSDAQ,특수 목적용 기계 제조업,3470,-3.21,36258953020
184230,SGA솔루션즈,KOSDAQ,소프트웨어 개발 및 공급업,1913,-3.58,36132703827
014990,인디에프,KOSPI,봉제의복 제조업,2395,29.81,35979124605
397810,애드포러스,KOSDAQ,광고업,6970,-0.43,35970566900
057030,YBM넷,KOSDAQ,교육지원 서비스업,2205,-0.68,35969496885
284620,카이노스메드,KOSDAQ,자연과학 및 공학 연구개발업,1087,0.0,35965517911
081580,성우전자,KOSDAQ,통신 및 방송 장비 제조업,2310,-5.91,35823810330
476080,M83,KOSDAQ,"영화, 비디오물, 방송프로그램 제작 및 배급업",4435,2.42,35821495000
035460,기산텔레콤,KOSDAQ,통신 및 방송 장비 제조업,2400,-6.25,35808816000
024120,KB오토시스,KOSDAQ,자동차 신품 부품 제조업,3110,-0.64,35765000000
203450,유니온바이오메트릭스,KOSDAQ,통신 및 방송 장비 제조업,2540,6.05,35760677780
127980,화인써키트,KOSDAQ,전자부품 제조업,3020,-2.89,35758865680
086040,바이오톡스텍,KOSDAQ,자연과학 및 공학 연구개발업,2240,-3.24,35746473280
026040,제이에스티나,KOSDAQ,귀금속 및 장신용품 제조업,2165,16.4,35730705350
045510,정원엔시스,KOSDAQ,기계장비 및 관련 물품 도매업,1135,-3.07,35729751195
068940,셀피글로벌,KOSDAQ,전자부품 제조업,778,0.0,35720093048
000760,이화산업,KOSPI,기타 전문 도매업,12740,2.08,35672000000
352700,씨앤투스,KOSDAQ,화학섬유 제조업,1355,-5.51,35605198145
332290,누보,KOSDAQ,"비료, 농약 및 살균, 살충제 제조업",890,0.68,35514919560
003680,한성기업,KOSPI,수산물 가공 및 저장 처리업,5700,-3.39,35394235500
005820,원림,KOSPI,직물직조 및 직물제품 제조업,15400,0.33,35388738000
263050,유틸렉스,KOSDAQ,기초 의약물질 제조업,959,0.0,35324626904
064480,브리지텍,KOSDAQ,소프트웨어 개발 및 공급업,2955,0.0,35319637500
046390,삼화네트웍스,KOSDAQ,"영화, 비디오물, 방송프로그램 제작 및 배급업",2045,-0.24,35315458785
196450,코아시아씨엠,KOSDAQ,사진장비 및 광학기기 제조업,779,-10.05,35304280000
270870,뉴트리,KOSDAQ,기타 식품 제조업,3915,-5.32,35214822090
133820,화인베스틸,KOSPI,1차 철강 제조업,948,-4.91,35184547896
475460,미트박스,KOSDAQ,기타 정보 서비스업,6220,-2.35,35121385500
013000,세우글로벌,KOSPI,기타 전문 도매업,1223,-0.41,35106252913
360350,코셈,KOSDAQ,"측정, 시험, 항해, 제어 및 기타 정밀기기 제조업; 광학기기 제외",6440,0.0,35020526800
208860,다산디엠씨,KOSDAQ,소프트웨어 개발 및 공급업,1024,0.59,34764772352
363250,진시스템,KOSDAQ,의료용 기기 제조업,4070,0.0,34629114740
052600,한네트,KOSDAQ,전기 통신업,2990,-3.55,34575463000
376980,원티드랩,KOSDAQ,소프트웨어 개발 및 공급업,3530,2.47,34475370820
239890,피엔에이치테크,KOSDAQ,기초 화학물질 제조업,3465,-3.62,34427391075
220180,폴라리스AI핸디,KOSDAQ,소프트웨어 개발 및 공급업,1437,-4.2,34388619954
432430,와이랩,KOSDAQ,"영화, 비디오물, 방송프로그램 제작 및 배급업",2080,-8.17,34337305600
007530,와이엠,KOSDAQ,기타 금속 가공제품 제조업,1541,0.26,34293769971
173940,에프엔씨엔터,KOSDAQ,창작 및 예술관련 서비스업,2225,-3.26,34248997800
004365,세방우,KOSPI,기타,9280,0.22,34236240000
133750,메가엠디,KOSDAQ,일반 교습 학원,1459,-0.07,34150925343
002420,세기상사,KOSPI,연료 소매업,5720,-2.22,34148102560
025440,DH오토웨어,KOSDAQ,영상 및 음향기기 제조업,3500,0.0,34146854000
080520,오디텍,KOSDAQ,반도체 제조업,3000,-4.31,33967251000
021650,한국큐빅,KOSDAQ,플라스틱제품 제조업,2075,-2.12,33927418225
419120,산돌,KOSDAQ,소프트웨어 개발 및 공급업,2385,-3.05,33922067265
002870,신풍,KOSPI,기타 전문 도매업,967,0.52,33805062900
365590,하이딥,KOSDAQ,반도체 제조업,917,-6.24,33758942350
465480,인스피언,KOSDAQ,소프트웨어 개발 및 공급업,3330,-2.92,33758780760
387570,파인메딕스,KOSDAQ,의료용 기기 제조업,6000,3.63,33755400000
434480,모니터랩,KOSDAQ,소프트웨어 개발 및 공급업,2735,-1.8,33668670500
143210,핸즈코퍼레이션,KOSPI,자동차 신품 부품 제조업,1199,0.0,33571739817
296640,이노에이엑스,KOSDAQ,소프트웨어 개발 및 공급업,6480,10.2,33555072960
148930,에이치와이티씨,KOSDAQ,기타 금속 가공제품 제조업,3285,-0.15,33425574705
408900,스튜디오미르,KOSDAQ,"영화, 비디오물, 방송프로그램 제작 및 배급업",1020,-2.21,33407987580
009140,경인전자,KOSPI,전자부품 제조업,21250,-4.71,33379436250
305090,마이크로디지탈,KOSDAQ,의료용 기기 제조업,1791,-8.15,33349944141
064520,테크엘,KOSDAQ,반도체 제조업,1492,0.61,33347784504
010400,우진아이엔에스,KOSPI,건물설비 설치 공사업,4375,-0.34,33346250000
075130,플랜티넷,KOSDAQ,"컴퓨터 프로그래밍, 시스템 통합 및 관리업",2060,-2.6,33211979200
159910,에코글로우,KOSDAQ,기타 화학제품 제조업,3170,-0.16,33180697490
099220,SDN,KOSDAQ,기계장비 및 관련 물품 도매업,526,-3.84,33108728100
417860,오브젠,KOSDAQ,소프트웨어 개발 및 공급업,7030,-1.68,33089549180
039290,인포뱅크,KOSDAQ,기타 정보 서비스업,3805,-1.93,33080586290
200780,비씨월드제약,KOSDAQ,의약품 제조업,3100,-6.63,33063549100
016600,큐캐피탈,KOSDAQ,기타 금융업,2365,1.94,33019186365
446440,에피바이오텍,KONEX,자연과학 및 공학 연구개발업,14240,2.74,32849956960
263920,휴엠앤씨,KOSDAQ,그외 기타 제품 제조업,3345,0.3,32811191970
495810,유비씨,KONEX,소프트웨어 개발 및 공급업,13120,0.0,32800000000
464280,티디에스팜,KOSDAQ,의약품 제조업,5920,1.72,32737600000
007120,미래아이앤지,KOSPI,"컴퓨터 프로그래밍, 시스템 통합 및 관리업",1197,-4.62,32705767458
001070,대한방직,KOSPI,직물직조 및 직물제품 제조업,6150,1.15,32595000000
290090,트윔,KOSDAQ,소프트웨어 개발 및 공급업,4375,1.74,32552485000
0203K0,송우인포텍,KONEX,소프트웨어 개발 및 공급업,10850,0.0,32550000000
071850,캐스텍코리아,KOSDAQ,자동차 신품 부품 제조업,1341,-2.97,32533917858
215090,솔디펜스,KOSDAQ,"측정, 시험, 항해, 제어 및 기타 정밀기기 제조업; 광학기기 제외",1405,-5.64,32533703705
053950,경남제약,KOSDAQ,의약품 제조업,1658,3.95,32529378042
311390,네오크레마,KOSDAQ,기타 식품 제조업,2570,4.9,32520237730
297570,아틀라스링크,KOSDAQ,통신 및 방송 장비 제조업,939,1.51,32509323702
101670,하이드로리튬,KOSDAQ,"구조용 금속제품, 탱크 및 증기발생기 제조업",572,-12.14,32476550964
078590,휴림에이텍,KOSDAQ,자동차 신품 부품 제조업,3250,-5.93,32473411750
335810,프리시젼바이오,KOSDAQ,의료용 기기 제조업,1478,-0.14,32441369868
068050,팬엔터테인먼트,KOSDAQ,"영화, 비디오물, 방송프로그램 제작 및 배급업",1168,-3.39,32346680768
087600,픽셀플러스,KOSDAQ,전자부품 제조업,3960,1.41,32339569680
308170,씨티알모빌리티,KOSPI,자동차 신품 부품 제조업,3755,4.16,32330550000
452300,캡스톤파트너스,KOSDAQ,기타 금융업,2275,-0.87,32235623875
066360,체리부로,KOSDAQ,"도축, 육류 가공 및 저장 처리업",670,0.0,32127850050
020180,대신정보통신,KOSDAQ,"컴퓨터 프로그래밍, 시스템 통합 및 관리업",836,0.0,32126572940
452160,제이엔비,KOSDAQ,특수 목적용 기계 제조업,3340,-2.48,32122540180
096630,에스코넥,KOSDAQ,통신 및 방송 장비 제조업,2015,-1.71,31990790845
458350,에스팀,KOSDAQ,기타 사업지원 서비스업,3675,-1.08,31910760000
207760,미스터블루,KOSDAQ,기타 정보 서비스업,384,0.0,31902636672
310870,디와이씨,KOSDAQ,자동차 신품 부품 제조업,1447,5.62,31722005094
464580,닷밀,KOSDAQ,"영화, 비디오물, 방송프로그램 제작 및 배급업",1723,-6.1,31713691347
026910,광진실업,KOSDAQ,1차 철강 제조업,4000,-11.8,31713304000
237820,플레이디,KOSDAQ,광고업,2470,-1.79,31683035800
037370,EG,KOSDAQ,기초 화학물질 제조업,3660,-5.67,31567397520
069640,한세엠케이,KOSPI,"섬유, 의복, 신발 및 가죽제품 소매업",1450,-2.68,31516447450
002690,동일제강,KOSPI,1차 철강 제조업,1551,0.39,31485858360
006570,대림통상,KOSPI,기타 금속 가공제품 제조업,2065,11.08,31439625000
258830,세종메디칼,KOSDAQ,의료용 기기 제조업,412,0.0,31223976612
038950,파인디지털,KOSDAQ,통신 및 방송 장비 제조업,3055,0.16,31193887075
351330,이삭엔지니어링,KOSDAQ,"컴퓨터 프로그래밍, 시스템 통합 및 관리업",3760,0.94,31164835200
089150,케이씨티,KOSDAQ,"컴퓨터 프로그래밍, 시스템 통합 및 관리업",1816,-4.42,31144400000
462310,뉴키즈온,KOSDAQ,봉제의복 제조업,3940,1.94,31120503700
037330,인지디스플레,KOSDAQ,전자부품 제조업,709,-6.59,31114623816
022220,티케이지애강,KOSDAQ,플라스틱제품 제조업,600,3.63,31076747400
079000,와토스코리아,KOSDAQ,플라스틱제품 제조업,4310,-3.36,31032000000
012620,원일특강,KOSDAQ,1차 철강 제조업,7050,-0.42,31020000000
088340,유라클,KOSDAQ,소프트웨어 개발 및 공급업,7100,-3.92,30987012800
033830,티비씨,KOSDAQ,텔레비전 방송업,1636,-1.8,30932064680
008470,부스타,KOSDAQ,"구조용 금속제품, 탱크 및 증기발생기 제조업",1838,-6.22,30896044800
106240,파인테크닉스,KOSDAQ,전구 및 조명장치 제조업,1290,-4.09,30891227520
053290,NE능률,KOSDAQ,"서적, 잡지 및 기타 인쇄물 출판업",1868,4.07,30871141476
469750,아이비젼웍스,KOSDAQ,특수 목적용 기계 제조업,895,-7.73,30838550495
060540,에스에이티,KOSDAQ,"측정, 시험, 항해, 제어 및 기타 정밀기기 제조업; 광학기기 제외",1173,-2.09,30653931582
005320,온타이드,KOSPI,생활용품 도매업,896,25.14,30632309120
069410,엔텔스,KOSDAQ,소프트웨어 개발 및 공급업,2990,-5.83,30632023760
003060,에이프로젠바이오로직스,KOSPI,의약품 제조업,1948,-5.21,30617555588
031510,오스템,KOSDAQ,자동차 신품 부품 제조업,1092,-6.75,30576000000
337840,유엑스엔,KONEX,의료용 기기 제조업,6130,-0.16,30511449740
023150,MH에탄올,KOSPI,알코올음료 제조업,4135,-1.31,30510205010
005360,모나미,KOSPI,생활용품 도매업,1614,-3.93,30500253498
131090,시큐브,KOSDAQ,소프트웨어 개발 및 공급업,3980,0.25,30479719580
118000,메타케어,KOSPI,기계장비 및 관련 물품 도매업,1379,-0.58,30414927515
187270,신화콘텍,KOSDAQ,"전동기, 발전기 및 전기 변환 · 공급 · 제어 장치 제조업",2995,0.84,30380815775
121890,에스디시스템,KOSDAQ,전자부품 제조업,2285,7.03,30370954110
364950,에이아이코리아,KOSDAQ,특수 목적용 기계 제조업,3660,-8.39,30364988700
025750,한솔홈데코,KOSPI,제재 및 목재 가공업,1883,-1.57,30340833607
351320,넥사다이내믹스,KOSDAQ,특수 목적용 기계 제조업,1021,-10.91,30322313482
024070,WISCOM,KOSPI,플라스틱제품 제조업,1973,3.9,30239062174
246250,에스엘에스바이오,KOSDAQ,"그외 기타 전문, 과학 및 기술 서비스업",1969,0.0,30220617614
001380,SG글로벌,KOSPI,자동차 신품 부품 제조업,1344,-1.32,30215903424
066910,손오공,KOSDAQ,기타 전문 도매업,1963,-4.71,30203958616
050110,캠시스,KOSDAQ,전자부품 제조업,1033,-1.15,30189242159
288620,에스프리즘,KOSDAQ,"전동기, 발전기 및 전기 변환 · 공급 · 제어 장치 제조업",4315,-2.49,30115748540
119500,포메탈,KOSDAQ,기타 금속 가공제품 제조업,2540,-1.55,30091969280
193250,링크드,KOSDAQ,전자부품 제조업,2250,-2.39,30080099250
388610,지에프씨생명과학,KOSDAQ,기타 화학제품 제조업,5640,-7.39,30035160120
348030,모비릭스,KOSDAQ,소프트웨어 개발 및 공급업,3120,-1.73,29963856000
090370,메타랩스,KOSPI,봉제의복 제조업,1095,-1.88,29898634455
197140,디지캡,KOSDAQ,소프트웨어 개발 및 공급업,2295,4.32,29865188430
450520,인스웨이브,KOSDAQ,소프트웨어 개발 및 공급업,2030,0.0,29850293340
288980,모아데이타,KOSDAQ,소프트웨어 개발 및 공급업,819,-0.49,29796349401
031310,아이즈비전,KOSDAQ,전기 통신업,1001,-1.57,29776397651
444530,심플랫폼,KOSDAQ,소프트웨어 개발 및 공급업,4625,-3.14,29747010250
014130,한익스프레스,KOSPI,도로 화물 운송업,2515,-3.82,29721975745
075970,동국알앤에스,KOSDAQ,기타 비금속 광물제품 제조업,1608,-0.86,29587200000
376180,피코그램,KOSDAQ,그외 기타 제품 제조업,1594,-2.15,29586294572
232830,아이티센피엔에스,KOSDAQ,소프트웨어 개발 및 공급업,1788,-3.4,29562302088
215790,이노인스트루먼트,KOSDAQ,통신 및 방송 장비 제조업,731,-0.68,29446981919
239610,에이치엘사이언스,KOSDAQ,기타 식품 제조업,5460,-0.73,29440947900
262840,아이퀘스트,KOSDAQ,소프트웨어 개발 및 공급업,2785,-4.3,29428961320
091970,LSK아이로봇,KOSDAQ,플라스틱제품 제조업,3900,-4.76,29385642000
036420,콘텐트리중앙,KOSPI,"영화, 비디오물, 방송프로그램 제작 및 배급업",1520,-6.98,29278708160
318010,팜스빌,KOSDAQ,기타 식품 제조업,3685,-0.14,29219610530
010640,진양폴리,KOSPI,플라스틱제품 제조업,1749,0.06,29208300000
017000,신원종합개발,KOSDAQ,건물 건설업,2500,1.83,29170067500
033170,시그네틱스,KOSDAQ,반도체 제조업,340,0.0,29147628460
079170,한창산업,KOSDAQ,1차 비철금속 제조업,5600,-1.58,29120000000
103840,우양,KOSDAQ,"과실, 채소 가공 및 저장 처리업",1772,-6.49,29001310416
038880,아이에이,KOSDAQ,전자부품 제조업,3855,-10.04,28968100665
065950,웰크론,KOSDAQ,직물직조 및 직물제품 제조업,1025,-3.12,28937084550
355390,크라우드웍스,KOSDAQ,소프트웨어 개발 및 공급업,1820,-0.71,28891306080
016920,카스,KOSDAQ,기계장비 및 관련 물품 도매업,1090,2.83,28877956420
109820,진매트릭스,KOSDAQ,자연과학 및 공학 연구개발업,1415,-4.78,28857000600
407400,꿈비,KOSDAQ,가구 제조업,1968,-4.0,28800762912
038620,위즈코프,KOSDAQ,연료 소매업,1900,6.26,28777196700
069140,누리플랜,KOSDAQ,"구조용 금속제품, 탱크 및 증기발생기 제조업",1897,1.61,28636740188
007720,소노스퀘어,KOSDAQ,상품 종합 도매업,1420,-2.54,28627327800
073540,에프알텍,KOSDAQ,통신 및 방송 장비 제조업,2510,2.24,28614000000
430690,한싹,KOSDAQ,소프트웨어 개발 및 공급업,2625,-4.2,28600173000
160550,NEW,KOSDAQ,"영화, 비디오물, 방송프로그램 제작 및 배급업",1023,-3.31,28547946438
403360,라피치,KONEX,소프트웨어 개발 및 공급업,7560,-14.96,28483320600
009810,플레이그램,KOSPI,기타 전문 도매업,1800,-3.49,28349283600
058110,멕아이씨에스,KOSDAQ,의료용 기기 제조업,1766,-3.6,28345235980
254120,자비스,KOSDAQ,특수 목적용 기계 제조업,920,0.99,28293928400
363260,모비데이즈,KOSDAQ,광고업,879,-4.87,28271952951
356890,싸이버원,KOSDAQ,소프트웨어 개발 및 공급업,2365,-3.27,28270796125
045300,성우테크론,KOSDAQ,전자부품 제조업,2680,1.13,28265992160
043220,티에스넥스젠,KOSDAQ,특수 목적용 기계 제조업,1710,0.0,28191099330
027040,서울전자통신,KOSDAQ,"전동기, 발전기 및 전기 변환 · 공급 · 제어 장치 제조업",2025,-1.94,28183482225
406820,뷰티스킨,KOSDAQ,기타 화학제품 제조업,1983,-5.57,28031999331
367000,플래티어,KOSDAQ,소프트웨어 개발 및 공급업,3340,2.61,28016611380
039310,세중,KOSDAQ,소프트웨어 개발 및 공급업,1541,-9.51,27925488847
123840,뉴온,KOSDAQ,기타 식품 제조업,1795,0.17,27917724750
032860,더라미,KOSDAQ,"해체, 선별 및 원료 재생업",690,0.0,27873145470
099390,브레인즈컴퍼니,KOSDAQ,소프트웨어 개발 및 공급업,3395,1.34,27867120785
900310,컬러레이,KOSDAQ,기타 금융업,2170,5.08,27794086950
068100,케이웨더,KOSDAQ,일반 목적용 기계 제조업,2330,-0.21,27791158880
021880,메이슨캐피탈,KOSDAQ,기타 금융업,1309,0.0,27774937960
008250,이건산업,KOSPI,나무제품 제조업,2535,-1.74,27764929725
188260,세니젠,KOSDAQ,그외 기타 제품 제조업,1996,0.1,27747030728
138070,신진에스엠,KOSDAQ,기타 금속 가공제품 제조업,1577,1.41,27602552708
003535,한화투자증권우,KOSPI,기타,5740,-3.2,27552000000
475660,에스켐,KOSDAQ,기타 화학제품 제조업,3465,-0.29,27476878275
048470,대동스틸,KOSDAQ,기타 전문 도매업,2845,4.02,27454250000
226330,신테카바이오,KOSDAQ,소프트웨어 개발 및 공급업,1131,-24.45,27436335225
013720,청보,KOSDAQ,자동차 신품 부품 제조업,2255,-2.17,27433491140
025890,한국주강,KOSPI,특수 목적용 기계 제조업,2460,-1.99,27415755360
000040,KR모터스,KOSPI,그외 기타 운송장비 제조업,1587,29.98,27415482132
093380,풍강,KOSDAQ,기타 금속 가공제품 제조업,2770,0.36,27365697010
096690,에이루트,KOSDAQ,컴퓨터 및 주변장치 제조업,6800,0.15,27355325600
083640,인콘,KOSDAQ,상품 종합 도매업,1191,-4.03,27343386513
044480,빌리언스,KOSDAQ,창작 및 예술관련 서비스업,820,0.0,27265751120
336060,웨이버스,KOSDAQ,소프트웨어 개발 및 공급업,2830,-3.74,27255843200
080530,코디,KOSDAQ,기타 화학제품 제조업,2460,-5.75,27236342640
130500,GH신소재,KOSDAQ,기타 섬유제품 제조업,1871,-2.7,27213792292
276730,한울앤제주,KOSDAQ,알코올음료 제조업,11470,0.0,27204729520
311060,엘에이티,KONEX,특수 목적용 기계 제조업,3455,-0.58,27198222970
030720,동원수산,KOSPI,어로 어업,5820,-3.32,27085145100
464500,아이언디바이스,KOSDAQ,반도체 제조업,1930,-2.53,27006997590
038530,케이바이오랩스,KOSDAQ,생활용품 도매업,1042,-3.7,26977507124
115480,씨유메디칼,KOSDAQ,의료용 기기 제조업,2220,15.2,26917302420
198940,한주라이트메탈,KOSDAQ,1차 비철금속 제조업,1350,-4.59,26878176000
301300,바이브컴퍼니,KOSDAQ,소프트웨어 개발 및 공급업,2040,-5.12,26835612480
900070,글로벌에스엠,KOSDAQ,기타 금융업,998,-0.5,26818240032
236810,엔비티,KOSDAQ,광고업,1579,8.0,26804197654
088790,진도,KOSPI,기타 전문 도매업,2150,-3.8,26762649600
357430,마스턴프리미어리츠,KOSPI,부동산 임대 및 공급업,877,1.27,26753154239
109960,앱토크롬,KOSDAQ,기타 전문 도매업,1766,3.58,26723523478
225220,제놀루션,KOSDAQ,기초 의약물질 제조업,1392,1.24,26712509232
114630,폴라리스우노,KOSDAQ,화학섬유 제조업,1549,-1.65,26697399152
177830,파버나인,KOSDAQ,전자부품 제조업,2355,-1.05,26672713515
049120,파인디앤씨,KOSDAQ,전자부품 제조업,2510,9.61,26610174130
195500,마니커에프앤지,KOSDAQ,"도축, 육류 가공 및 저장 처리업",1663,-4.21,26571414000
267790,배럴,KOSDAQ,봉제의복 제조업,3455,6.97,26566562595
006490,프리티,KOSPI,전기 통신업,898,0.0,26560346254
0010F0,보원케미칼,KOSDAQ,플라스틱제품 제조업,2380,1.93,26521770380
290270,휴네시온,KOSDAQ,소프트웨어 개발 및 공급업,2760,0.18,26517174720
373170,엠아이큐브솔루션,KOSDAQ,소프트웨어 개발 및 공급업,1754,1.15,26509587660
465770,STX그린로지스,KOSPI,해상 운송업,3670,29.91,26491454600
005110,한창,KOSPI,기계장비 및 관련 물품 도매업,1254,0.0,26467434378
004870,티웨이홀딩스,KOSPI,"시멘트, 석회, 플라스터 및 그 제품 제조업",1169,-4.8,26457623962
257370,피엔티엠에스,KOSDAQ,특수 목적용 기계 제조업,2115,4.96,26447781015
006345,대원전선우,KOSPI,기타,10070,-1.76,26395484000
032750,삼진,KOSDAQ,통신 및 방송 장비 제조업,2915,-2.67,26325720630
354390,바스칸바이오제약,KONEX,의약품 제조업,3750,-0.13,26318426250
146060,율촌,KOSDAQ,1차 철강 제조업,1094,1.77,26273060930
351870,차이커뮤니케이션,KOSDAQ,광고업,2350,29.98,26227508700
115530,씨엔플러스,KOSDAQ,전자부품 제조업,3055,9.89,26218178025
054780,키이스트,KOSDAQ,"영화, 비디오물, 방송프로그램 제작 및 배급업",1327,-0.3,26085891311
001810,무림SP,KOSDAQ,"펄프, 종이 및 판지 제조업",1178,0.08,26077975000
243870,아이티센코어,KONEX,"컴퓨터 프로그래밍, 시스템 통합 및 관리업",9000,6.01,26033679000
033050,제이엠아이,KOSDAQ,기타 화학제품 제조업,817,-0.24,26012730976
035200,프럼파스트,KOSDAQ,플라스틱제품 제조업,2815,-0.53,25954246515
131220,대한과학,KOSDAQ,기계장비 및 관련 물품 도매업,3480,-3.6,25941625200
289220,자이언트스텝,KOSDAQ,"영화, 비디오물, 방송프로그램 제작 및 배급업",1162,-4.2,25926800802
318000,KBG,KOSDAQ,합성고무 및 플라스틱 물질 제조업,2950,-1.34,25783657850
085810,알티캐스트,KOSDAQ,소프트웨어 개발 및 공급업,1822,-1.88,25757528366
060380,동양에스텍,KOSDAQ,1차 철강 제조업,1307,5.32,25747900000
095910,에스에너지,KOSDAQ,"전동기, 발전기 및 전기 변환 · 공급 · 제어 장치 제조업",690,-3.63,25734867210
33637K,솔루스첨단소재1우,KOSPI,기타,1521,-1.36,25715689974
227420,도부,KONEX,직물직조 및 직물제품 제조업,675,-14.88,25680044250
019570,GMI벤처,KOSDAQ,신탁업 및 집합투자업,2685,-2.01,25628335740
462980,아이지넷,KOSDAQ,기타 정보 서비스업,1405,-4.75,25619383985
227610,아우딘퓨쳐스,KOSDAQ,기타 화학제품 제조업,1317,0.92,25516310007
071950,코아스,KOSPI,가구 제조업,1763,2.08,25491560785
065150,대산F&B,KOSDAQ,음·식료품 및 담배 도매업,1597,-1.42,25453369280
333050,이노테나,KOSDAQ,소프트웨어 개발 및 공급업,5140,-0.19,25311518800
002355,넥센타이어1우B,KOSPI,기타,3890,-0.26,25285000000
134060,이퓨쳐,KOSDAQ,"서적, 잡지 및 기타 인쇄물 출판업",5300,6.85,25277025000
290520,신도기연,KOSDAQ,특수 목적용 기계 제조업,1603,-2.61,25225070892
462510,라메디텍,KOSDAQ,의료용 기기 제조업,2860,-3.38,25176479900
019175,신풍제약우,KOSPI,기타,12610,-5.12,25109410300
148780,비큐AI,KOSDAQ,소프트웨어 개발 및 공급업,3980,-4.56,25030797100
070590,인티큐브,KOSDAQ,"컴퓨터 프로그래밍, 시스템 통합 및 관리업",1802,-1.8,25010896842
006740,블루산업개발,KOSPI,"골판지, 종이 상자 및 종이용기 제조업",1052,0.0,24974295900
238490,힘스,KOSDAQ,특수 목적용 기계 제조업,2200,-1.79,24886919200
016670,디모아,KOSDAQ,기타 전문 도매업,2440,-2.79,24873930960
331520,밸로프,KOSDAQ,소프트웨어 개발 및 공급업,2535,-4.52,24846006510
038870,에코심플렉스,KOSDAQ,사업시설 유지·관리 서비스업,1771,-3.85,24820474679
051380,피씨디렉트,KOSDAQ,기계장비 및 관련 물품 도매업,1618,-3.4,24820236496
007770,한일화학,KOSDAQ,기초 화학물질 제조업,7070,3.97,24815700000
039740,한국정보공학,KOSDAQ,기타 전문 도매업,3085,-2.68,24736754745
139670,키네마스터,KOSDAQ,소프트웨어 개발 및 공급업,1750,-0.91,24707917500
093240,형지엘리트,KOSPI,봉제의복 제조업,401,3.35,24617493859
376930,노을,KOSDAQ,의료용 기기 제조업,477,-5.92,24465961071
169330,엠브레인,KOSDAQ,시장조사 및 여론조사업,1334,-2.34,24434768612
097780,에코볼트,KOSDAQ,자동차 신품 부품 제조업,1204,-1.63,24432879156
187220,디티앤씨,KOSDAQ,기타 과학기술 서비스업,2120,-2.08,24432857960
208350,지란지교시큐리티,KOSDAQ,소프트웨어 개발 및 공급업,3015,8.65,24426233550
398120,에스지헬스케어,KOSDAQ,의료용 기기 제조업,2060,-3.51,24393512660
300120,라온피플,KOSDAQ,소프트웨어 개발 및 공급업,491,0.0,24306471856
044780,에이치케이,KOSDAQ,특수 목적용 기계 제조업,1313,0.0,24298098331
377030,비트맥스,KOSDAQ,소프트웨어 개발 및 공급업,1699,-2.3,24281601698
222980,한국맥널티,KOSDAQ,기타 식품 제조업,2200,1.15,24269262600
053060,세동,KOSDAQ,자동차 신품 부품 제조업,1374,-5.76,24261293706
233990,질경이,KONEX,기타 화학제품 제조업,1500,1.42,24192801000
123750,알톤,KOSDAQ,그외 기타 운송장비 제조업,1747,0.34,24142245473
405920,나라셀라,KOSDAQ,음·식료품 및 담배 도매업,1870,1.14,24082002120
063760,이엘피,KOSDAQ,"측정, 시험, 항해, 제어 및 기타 정밀기기 제조업; 광학기기 제외",2580,4.88,24058835400
091340,S&K폴리텍,KOSDAQ,전자부품 제조업,2055,-4.86,24051146655
033250,체시스,KOSPI,자동차 신품 부품 제조업,3755,-4.09,24032000000
328380,솔트웨어,KOSDAQ,"컴퓨터 프로그래밍, 시스템 통합 및 관리업",3500,-0.85,23983942500
188040,바이오포트,KOSDAQ,기타 식품 제조업,5120,0.2,23958056960
298060,풍전약품,KOSDAQ,의약품 제조업,2485,-4.61,23949055795
102950,아하,KONEX,전자부품 제조업,1825,8.63,23947472975
003495,대한항공우,KOSPI,기타,21550,-0.69,23937610700
206950,볼빅,KONEX,운동 및 경기용구 제조업,1700,2.84,23931350500
054090,삼진엘앤디,KOSDAQ,그외 기타 제품 제조업,958,0.52,23910944256
432980,엠에프씨,KOSDAQ,기초 의약물질 제조업,2780,4.12,23885042760
109670,씨싸이트,KOSDAQ,봉제의복 제조업,4090,5.41,23871702180
057680,티사이언티픽,KOSDAQ,소프트웨어 개발 및 공급업,1511,-1.24,23863085499
013810,스페코,KOSDAQ,특수 목적용 기계 제조업,1619,-0.06,23727205930
440320,오픈놀,KOSDAQ,소프트웨어 개발 및 공급업,2375,-6.31,23702500000
036480,대성미생물,KOSDAQ,의약품 제조업,6230,0.32,23674000000
429270,시지트로닉스,KOSDAQ,반도체 제조업,3660,-0.81,23604185460
047080,한빛소프트,KOSDAQ,소프트웨어 개발 및 공급업,950,-5.0,23581243900
130740,티피씨글로벌,KOSDAQ,자동차 신품 부품 제조업,2090,2.2,23568259110
115160,휴맥스,KOSDAQ,기계장비 및 관련 물품 도매업,5460,-1.27,23519130180
258790,소프트캠프,KOSDAQ,소프트웨어 개발 및 공급업,4690,1.52,23441820640
278990,EMB,KONEX,"전동기, 발전기 및 전기 변환 · 공급 · 제어 장치 제조업",2900,3.39,23387853300
368970,오에스피,KOSDAQ,동물용 사료 및 조제식품 제조업,2290,0.0,23351049850
009310,참엔지니어링,KOSPI,특수 목적용 기계 제조업,5330,0.0,23329484620
237750,피앤씨테크,KOSDAQ,"전동기, 발전기 및 전기 변환 · 공급 · 제어 장치 제조업",3590,-8.18,23322794000
018680,서울제약,KOSDAQ,의약품 제조업,1999,1.52,23306978681
403490,우듬지팜,KOSDAQ,"과실, 채소 가공 및 저장 처리업",505,0.0,23195894320
033200,모아텍,KOSDAQ,전자부품 제조업,2520,0.4,23195413080
067010,이씨에스,KOSDAQ,"컴퓨터 프로그래밍, 시스템 통합 및 관리업",2130,0.71,23192505000
207490,에이펙스인텍,KONEX,전구 및 조명장치 제조업,6420,0.0,23112000000
353590,오토앤,KOSDAQ,자동차 부품 및 내장품 판매업,1795,0.0,23111648150
373110,엑셀세라퓨틱스,KOSDAQ,기초 의약물질 제조업,1330,2.23,23001544020
340440,세림B&G,KOSDAQ,플라스틱제품 제조업,810,-1.34,22986474840
076080,웰크론한텍,KOSDAQ,건물 건설업,1016,0.59,22955662496
032790,엠젠솔루션,KOSDAQ,기계장비 및 관련 물품 도매업,891,-5.21,22880974446
359090,씨엔알리서치,KOSDAQ,"그외 기타 전문, 과학 및 기술 서비스업",1990,-1.24,22873344570
277410,인산가,KOSDAQ,기타 식품 제조업,5950,-3.25,22854842500
032080,아즈텍WB,KOSDAQ,"섬유제품 염색, 정리 및 마무리 가공업",1061,0.0,22801981769
101680,한국정밀기계,KOSDAQ,특수 목적용 기계 제조업,2710,0.93,22774840000
200350,아티스트스튜디오,KOSDAQ,"영화, 비디오물, 방송프로그램 제작 및 배급업",2275,-7.52,22740956875
331660,한국미라클피플사,KONEX,기타 화학제품 제조업,4125,2.87,22687500000
405000,플라즈맵,KOSDAQ,의료용 기기 제조업,4200,-7.08,22568834400
210120,캔버스엔,KOSDAQ,"영화, 비디오물, 방송프로그램 제작 및 배급업",930,0.0,22540854540
241840,에이스토리,KOSDAQ,"영화, 비디오물, 방송프로그램 제작 및 배급업",2360,-0.63,22514385840
403810,아이엘로보틱스,KONEX,전자부품 제조업,2260,-1.53,22458401960
215480,토박스코리아,KOSDAQ,"섬유, 의복, 신발 및 가죽제품 소매업",2090,-3.69,22446600000
415380,스튜디오삼익,KOSDAQ,기타 생활용품 소매업,1961,-4.81,22439673975
004270,남성,KOSPI,기타 전문 도매업,4915,0.0,22413029120
052300,오션인더블유,KOSDAQ,상품 종합 도매업,1378,-0.07,22384408384
054220,비츠로시스,KOSDAQ,"전동기, 발전기 및 전기 변환 · 공급 · 제어 장치 제조업",1775,-5.33,22348343400
051630,진양화학,KOSPI,플라스틱제품 제조업,1053,-0.19,22323600000
33626L,두산퓨얼셀2우B,KOSPI,기타,7470,-3.11,22307661000
008775,호텔신라우,KOSPI,기타,29650,-0.5,22293212350
900110,딥커머스,KOSDAQ,기타 금융업,1208,-0.74,22272054248
043360,디지아이,KOSDAQ,컴퓨터 및 주변장치 제조업,2470,6.47,22230000000
290560,파라택시스이더리움,KOSDAQ,소프트웨어 개발 및 공급업,992,-4.71,22183828160
383930,디티앤씨알오,KOSDAQ,자연과학 및 공학 연구개발업,1730,-5.41,22116541440
101400,엔시트론,KOSDAQ,반도체 제조업,1880,-2.59,22074561440
352940,인바이오,KOSDAQ,"비료, 농약 및 살균, 살충제 제조업",2025,0.5,22007153250
347770,핌스,KOSDAQ,전자부품 제조업,970,0.73,21979910940
195990,루트K,KOSDAQ,특수 목적용 기계 제조업,1346,0.0,21923478404
019660,글로본,KOSDAQ,상품 종합 도매업,1572,0.0,21920491476
378800,샤페론,KOSDAQ,기초 의약물질 제조업,474,-7.78,21919196694
317120,라닉스,KOSDAQ,반도체 제조업,1436,-2.31,21913360000
219750,한국비티비,KOSDAQ,의료용 기기 제조업,1674,0.24,21904921098
154040,다산솔루에타,KOSDAQ,전자부품 제조업,1009,-1.85,21810154526
076340,지에이이노더스,KONEX,기반조성 및 시설물 축조관련 전문공사업,4475,4.07,21799783500
090150,아이윈,KOSDAQ,자동차 신품 부품 제조업,5200,4.21,21775150800
032280,삼일,KOSDAQ,도로 화물 운송업,1336,-2.12,21661356240
021040,대호특수강,KOSDAQ,1차 철강 제조업,994,-0.4,21574545356
377330,이지트로닉스,KOSDAQ,"전동기, 발전기 및 전기 변환 · 공급 · 제어 장치 제조업",2650,-2.57,21570878100
054940,엑사이엔씨,KOSDAQ,실내건축 및 건축마무리 공사업,3250,-9.72,21562804250
080720,한국유니온제약,KOSDAQ,의약품 제조업,2725,0.0,21562456300
192390,윈하이텍,KOSDAQ,"구조용 금속제품, 탱크 및 증기발생기 제조업",1795,-2.55,21481206570
131180,딜리,KOSDAQ,컴퓨터 및 주변장치 제조업,3655,-0.14,21454850000
043200,파루,KOSDAQ,"전동기, 발전기 및 전기 변환 · 공급 · 제어 장치 제조업",512,0.0,21403809280
419540,비스토스,KOSDAQ,의료용 기기 제조업,3585,7.01,21360337005
274400,이노시뮬레이션,KOSDAQ,소프트웨어 개발 및 공급업,2340,-1.68,21262393620
059180,엔더블유시,KONEX,통신 및 방송 장비 제조업,4000,0.0,21256360000
200230,텔콘RF제약,KOSDAQ,의약품 제조업,2230,-3.04,21145459870
023770,플레이위드,KOSDAQ,소프트웨어 개발 및 공급업,2360,-0.21,21113728200
353190,휴럼,KOSDAQ,기타 식품 제조업,2680,-7.9,21106833120
238200,비피도,KOSDAQ,기타 식품 제조업,2580,-2.09,21104400000
017250,인터엠,KOSDAQ,영상 및 음향기기 제조업,1002,-1.47,21087557934
083470,이엠앤아이,KOSDAQ,기초 화학물질 제조업,988,0.0,21084245052
424760,벨로크,KOSDAQ,"컴퓨터 프로그래밍, 시스템 통합 및 관리업",2090,3.47,21013629120
455180,케이지에이,KOSDAQ,특수 목적용 기계 제조업,1426,-4.17,20960853856
153490,우리이앤엘하루틴,KOSDAQ,반도체 제조업,405,0.0,20849400000
336040,타스컴,KONEX,의료용 기기 제조업,3600,0.0,20843744400
014100,메디앙스,KOSDAQ,상품 종합 도매업,1763,-3.92,20803400000
054410,케이피티유,KOSDAQ,"섬유, 의복, 신발 및 가죽제품 소매업",3620,4.93,20729727280
362990,드림인사이트,KOSDAQ,광고업,1233,0.16,20715107742
252500,세화피앤씨,KOSDAQ,기타 화학제품 제조업,499,0.0,20701708610
431190,케이쓰리아이,KOSDAQ,소프트웨어 개발 및 공급업,2765,4.14,20700012130
016100,리더스코스메틱,KOSDAQ,"골판지, 종이 상자 및 종이용기 제조업",1080,-3.91,20628965520
080470,성창오토텍,KOSDAQ,자동차 신품 부품 제조업,2825,-7.07,20622500000
056730,CNT85,KOSDAQ,건물 건설업,1391,-3.4,20617731667
073570,리튬포어스,KOSDAQ,그외 기타 제품 제조업,1711,-2.0,20595868208
361670,삼영에스앤씨,KOSDAQ,전자부품 제조업,3630,-0.68,20573598540
067730,로지시스,KOSDAQ,"컴퓨터 프로그래밍, 시스템 통합 및 관리업",2125,-2.07,20557084250
065060,지엔코,KOSDAQ,봉제의복 제조업,3425,0.0,20517072050
206560,덱스터,KOSDAQ,"영화, 비디오물, 방송프로그램 제작 및 배급업",805,-20.53,20456447480
438700,버넥트,KOSDAQ,소프트웨어 개발 및 공급업,1825,-1.24,20339424250
083660,CSA 코스믹,KOSDAQ,기타 화학제품 제조업,2860,0.0,20332497900
065370,위세아이텍,KOSDAQ,소프트웨어 개발 및 공급업,2750,-8.18,20305873500
011090,에넥스,KOSPI,가구 제조업,1710,12.65,20275562340
096870,엘디티,KOSDAQ,반도체 제조업,2420,2.54,20202157580
342870,오아,KOSDAQ,가전제품 및 정보통신장비 소매업,3705,-5.12,20192979885
001685,대상우,KOSPI,기타,14730,0.0,20183384790
140430,카티스,KOSDAQ,"컴퓨터 프로그래밍, 시스템 통합 및 관리업",1885,-0.74,20149720695
372800,아이티아이즈,KOSDAQ,소프트웨어 개발 및 공급업,2860,-4.51,20126360540
270210,에스알바이오텍,KONEX,기타 화학제품 제조업,11740,1.65,20092399520
098660,에스티오,KOSDAQ,봉제의복 제조업,1607,-2.55,20089068432
322970,무진메디,KONEX,자연과학 및 공학 연구개발업,1989,0.96,20060435421
275630,에스에스알,KOSDAQ,소프트웨어 개발 및 공급업,3815,0.0,20043277520
303530,이노뎁,KOSDAQ,소프트웨어 개발 및 공급업,2730,-0.36,20036286270
154030,아시아종묘,KOSDAQ,작물 재배업,1661,0.42,20034761087
067770,세진티에스,KOSDAQ,전자부품 제조업,2385,2.14,20025874305
018620,우진비앤지,KOSDAQ,의약품 제조업,2885,12.7,20001653070
048830,엔피케이,KOSDAQ,합성고무 및 플라스틱 물질 제조업,1068,6.37,19997149764
015020,이스타코,KOSPI,부동산 임대 및 공급업,928,0.0,19883142400
317860,노드메이슨,KONEX,기타 화학제품 제조업,4390,-0.23,19813013850
344860,이노진,KOSDAQ,기타 화학제품 제조업,1373,-1.51,19812390000
365900,브이씨,KOSDAQ,운동 및 경기용구 제조업,2700,-3.57,19737810000
024940,PN풍년,KOSDAQ,생활용품 도매업,1973,-0.1,19730000000
073190,듀오백,KOSDAQ,가구 제조업,1647,5.17,19711361880
084440,유비온,KOSDAQ,소프트웨어 개발 및 공급업,1029,-8.78,19687261209
137940,넥스트아이,KOSDAQ,"측정, 시험, 항해, 제어 및 기타 정밀기기 제조업; 광학기기 제외",2005,-3.37,19673194335
065650,하이퍼코퍼레이션,KOSDAQ,기계장비 및 관련 물품 도매업,1792,2.28,19615208704
900340,윙입푸드,KOSDAQ,기타 금융업,1558,-6.26,19603896456
060230,제이케이시냅스,KOSDAQ,기타 화학제품 제조업,1365,-3.05,19600404915
065690,파커스,KOSDAQ,고무제품 제조업,1629,-0.06,19571631903
050760,에스폴리텍,KOSDAQ,플라스틱제품 제조업,1193,-1.81,19487270854
088290,이원컴포텍,KOSDAQ,자동차 신품 부품 제조업,2440,-0.81,19461615680
148250,알엔투테크놀로지,KOSDAQ,전자부품 제조업,1428,-13.61,19436085312
027580,상보,KOSDAQ,플라스틱제품 제조업,1637,-2.85,19375949435
00499K,롯데지주우,KOSPI,기타,24050,1.05,19374752150
032800,판타지오,KOSDAQ,창작 및 예술관련 서비스업,1554,-1.46,19365205188
009730,이렘,KOSDAQ,1차 철강 제조업,2415,-5.11,19260839745
032680,소프트센,KOSDAQ,기타 정보 서비스업,921,-0.11,19208266401
115570,스타플렉스,KOSDAQ,플라스틱제품 제조업,2405,11.6,19202741740
214610,롤링스톤,KOSDAQ,의료용 기기 제조업,2290,0.0,19197807380
368600,아이씨에이치,KOSDAQ,전자부품 제조업,736,-11.54,18985425440
108675,LX하우시스우,KOSPI,기타,18370,-0.7,18963902100
006200,한국전자홀딩스,KOSPI,기타 금융업,2025,7.31,18955269675
079190,케스피온,KOSDAQ,통신 및 방송 장비 제조업,1966,29.94,18851734148
002360,SH에너지화학,KOSPI,기초 화학물질 제조업,1688,-3.65,18759373624
031860,디에이치엑스컴퍼니,KOSDAQ,상품 종합 도매업,6930,0.0,18714756060
222670,플럼라인생명과학,KONEX,자연과학 및 공학 연구개발업,4635,0.0,18692639820
322780,코퍼스코리아,KOSDAQ,"영화, 비디오물, 방송프로그램 제작 및 배급업",2075,0.0,18622772250
023790,동일스틸럭스,KOSDAQ,1차 철강 제조업,1422,-8.02,18585266976
020400,대동금속,KOSDAQ,금속 주조업,3035,-3.96,18433169620
196700,웹스,KOSDAQ,합성고무 및 플라스틱 물질 제조업,1274,-4.85,18299919456
002820,SUN&L,KOSPI,플라스틱제품 제조업,1516,1.34,18287817264
335870,윙스풋,KOSDAQ,"섬유, 의복, 신발 및 가죽제품 소매업",1090,0.0,18258015570
113810,디젠스,KOSDAQ,자동차 신품 부품 제조업,2795,9.39,18239079950
110020,전진바이오팜,KOSDAQ,기타 화학제품 제조업,2010,-9.46,18208111620
309930,조이웍스앤코,KOSDAQ,기타 생활용품 소매업,944,-4.84,18177559216
051780,큐로홀딩스,KOSDAQ,음·식료품 및 담배 소매업,2860,-1.04,18119858900
060900,에이전트AI,KOSDAQ,전기업,3690,-6.7,18021701700
069330,유아이디,KOSDAQ,전자부품 제조업,1049,0.87,17783250126
279600,미디어젠,KOSDAQ,소프트웨어 개발 및 공급업,3775,-2.45,17685048275
115610,이미지스,KOSDAQ,반도체 제조업,1491,-5.03,17621784579
008600,윌비스,KOSPI,생활용품 도매업,2620,0.0,17615839860
043590,웰킵스하이텍,KOSDAQ,반도체 제조업,1298,3.84,17611758538
009440,KC그린홀딩스,KOSPI,기타 금융업,756,0.0,17568790596
377220,프롬바이오,KOSDAQ,기타 식품 제조업,3080,2.33,17438960000
018700,졸스,KOSDAQ,생활용품 도매업,1487,-0.34,17407693382
434190,탈로스,KONEX,일차전지 및 이차전지 제조업,2355,-5.61,17355017070
078860,아이오케이이엔엠,KOSDAQ,"영화, 비디오물, 방송프로그램 제작 및 배급업",2800,-6.67,17296126400
354200,엔젠바이오,KOSDAQ,"그외 기타 전문, 과학 및 기술 서비스업",1927,-3.55,17220795441
303030,지니틱스,KOSDAQ,반도체 제조업,1876,10.35,17179424976
417180,핑거스토리,KOSDAQ,기타 정보 서비스업,3975,0.13,17129129625
006050,국영지앤엠,KOSDAQ,유리 및 유리제품 제조업,490,0.0,17098669070
034940,조아제약,KOSDAQ,의약품 제조업,550,0.0,17038904850
476710,타조이엔터테인먼트,KONEX,창작 및 예술관련 서비스업,17000,0.0,17000000000
482680,미래에셋비전스팩7호,KOSDAQ,금융 지원 서비스업,2055,0.0,16881825000
002025,코오롱우,KOSPI,기타,14500,0.62,16826336500
060260,뉴보텍,KOSDAQ,플라스틱제품 제조업,1261,-7.62,16824710916
241820,피씨엘,KOSDAQ,의료용품 및 기타 의약 관련제품 제조업,6040,0.0,16803871920
225590,패션플랫폼,KOSDAQ,봉제의복 제조업,3280,3.14,16798113280
239340,이스트에이드,KOSDAQ,"자료처리, 호스팅, 포털 및 기타 인터넷 정보매개 서비스업",622,-6.33,16781332348
045520,크린앤사이언스,KOSDAQ,일반 목적용 기계 제조업,2575,-3.74,16737500000
024890,대원화성,KOSPI,플라스틱제품 제조업,2025,-1.94,16705905750
477380,미래에셋비전스팩4호,KOSDAQ,금융 지원 서비스업,2060,0.0,16686000000
224060,더코디,KOSDAQ,전자부품 제조업,3230,-3.87,16669132060
037400,우리엔터프라이즈,KOSDAQ,상품 종합 도매업,632,0.0,16573154672
052960,태양3C,KONEX,자동차 부품 및 내장품 판매업,3390,-1.45,16567194420
009620,삼보산업,KOSDAQ,1차 비철금속 제조업,946,-3.07,16529503408
306040,에스제이그룹,KOSDAQ,"가죽, 가방 및 유사제품 제조업",1779,-1.71,16521651276
254160,제이엠멀티,KONEX,제재 및 목재 가공업,3200,-3.03,16512000000
179720,머니무브,KONEX,기타 금융업,6000,-6.25,16500108000
065770,CS,KOSDAQ,통신 및 방송 장비 제조업,1558,-3.11,16382469712
131760,파인텍,KOSDAQ,특수 목적용 기계 제조업,1881,-2.44,16338960396
0070X0,에스테크엠,KONEX,특수 목적용 기계 제조업,10640,-2.83,16066400000
001420,태원물산,KOSPI,자동차 신품 부품 제조업,2100,4.48,15960000000
379390,이성씨엔아이,KONEX,"건축기술, 엔지니어링 및 관련 기술 서비스업",5600,0.0,15912176000
177350,베셀,KOSDAQ,플라스틱제품 제조업,1603,15.32,15895109153
291810,핀텔,KOSDAQ,소프트웨어 개발 및 공급업,1395,1.45,15859353240
0072Z0,KB제33호스팩,KOSDAQ,금융 지원 서비스업,1978,-0.1,15596530000
191410,육일씨엔에쓰,KOSDAQ,전자부품 제조업,1388,0.73,15551505940
005725,넥센우,KOSPI,기타,4300,-0.12,15482580000
477340,에이치엠씨제7호스팩,KOSDAQ,금융 지원 서비스업,2050,0.0,15395500000
0101C0,하나36호스팩,KOSDAQ,금융 지원 서비스업,1988,0.4,15387120000
18064K,한진칼우,KOSPI,기타,28650,-2.05,15378345900
001770,SHD,KOSPI,1차 철강 제조업,12630,29.94,15343909140
0130H0,엔에이치스팩33호,KOSDAQ,금융 지원 서비스업,1987,-0.3,15299900000
900120,씨엑스아이,KOSDAQ,기타 금융업,915,-3.48,15252738900
030350,드래곤플라이,KOSDAQ,소프트웨어 개발 및 공급업,973,0.0,15171092867
012170,아센디오,KOSPI,"영화, 비디오물, 방송프로그램 제작 및 배급업",748,0.0,15147145112
069920,엑시온그룹,KOSDAQ,무점포 소매업,1045,29.98,15041160475
103230,에스앤더블류,KOSDAQ,일반 목적용 기계 제조업,2085,-6.71,15012000000
223310,사토시홀딩스,KOSDAQ,상품 종합 도매업,2875,-13.92,14963345750
0044K0,삼성스팩10호,KOSDAQ,금융 지원 서비스업,1988,0.05,14949760000
002680,한탑,KOSDAQ,"곡물가공품, 전분 및 전분제품 제조업",2310,-12.5,14930359290
142760,모아라이프플러스,KOSDAQ,자연과학 및 공학 연구개발업,349,0.0,14716276020
473050,유안타제15호스팩,KOSDAQ,금융 지원 서비스업,2092,-0.14,14664920000
0115H0,삼성스팩13호,KOSDAQ,금융 지원 서비스업,1991,-0.1,14633850000
351020,미쥬,KONEX,봉제의복 제조업,7020,-1.82,14566500000
131100,티엔엔터테인먼트,KOSDAQ,"영화, 비디오물, 방송프로그램 제작 및 배급업",450,0.0,14511025800
208850,이비테크,KONEX,기타 전기장비 제조업,5100,-5.56,14383275000
050090,비케이홀딩스,KOSDAQ,광고업,605,0.5,14238514675
005257,녹십자홀딩스2우,KOSPI,기타,16800,-2.61,14212632000
478440,미래에셋비전스팩6호,KOSDAQ,금융 지원 서비스업,2045,0.0,14171850000
0165X0,메리츠제2호스팩,KOSDAQ,금융 지원 서비스업,1951,0.26,14125240000
479880,한국제15호스팩,KOSDAQ,금융 지원 서비스업,2055,0.0,14117850000
000087,하이트진로2우B,KOSPI,기타,12460,0.0,14081519480
002070,비비안,KOSPI,봉제의복 제조업,5800,-1.69,13945195200
001795,대한제당우,KOSPI,기타,2145,0.47,13905520200
0099W0,미래에셋비전스팩11호,KOSDAQ,금융 지원 서비스업,1984,0.05,13888000000
176590,코나솔,KONEX,기타 금속 가공제품 제조업,2370,0.0,13832227710
285800,진영,KOSDAQ,플라스틱제품 제조업,763,-9.49,13710279093
217320,썬테크,KONEX,"전동기, 발전기 및 전기 변환 · 공급 · 제어 장치 제조업",13000,8.33,13650000000
304840,피플바이오,KOSDAQ,의료용품 및 기타 의약 관련제품 제조업,561,0.0,13643890260
352770,셀레스트라,KOSDAQ,의료용품 및 기타 의약 관련제품 제조업,5250,0.0,13610136750
079950,인베니아,KOSDAQ,특수 목적용 기계 제조업,980,-2.39,13523118000
489480,키움제11호스팩,KOSDAQ,금융 지원 서비스업,2040,0.49,13464000000
012340,뉴인텍,KOSDAQ,자동차 신품 부품 제조업,610,-6.58,13447323730
244460,올리패스,KOSDAQ,기초 의약물질 제조업,1651,0.0,13415218661
0134X0,대신밸런스제20호스팩,KOSDAQ,금융 지원 서비스업,1978,0.0,13331720000
240600,유진테크놀로지,KOSDAQ,기타 금속 가공제품 제조업,1921,-3.42,13308978071
035620,바른손이앤에이,KOSDAQ,"영화, 비디오물, 방송프로그램 제작 및 배급업",712,0.42,13250261616
00806K,대덕1우,KOSPI,기타,10920,-1.44,13238938440
456190,큐라켐,KONEX,의료용품 및 기타 의약 관련제품 제조업,7210,0.0,13225202060
0164H0,한국제16호스팩,KOSDAQ,금융 지원 서비스업,1952,0.1,13176000000
481890,엔에이치스팩31호,KOSDAQ,금융 지원 서비스업,2065,0.0,13102425000
0096B0,삼성스팩12호,KOSDAQ,기타 금융업,1983,-0.35,13048140000
0099X0,IBKS제25호스팩,KOSDAQ,금융 지원 서비스업,2180,0.0,13036400000
0097F0,미래에셋비전스팩10호,KOSDAQ,금융 지원 서비스업,1988,0.15,12922000000
169670,코스텍시스템,KONEX,특수 목적용 기계 제조업,4500,0.0,12907804500
489730,디비금융제13호스팩,KOSDAQ,기타 금융업,2025,0.25,12822300000
471050,대신밸런스제17호스팩,KOSDAQ,금융 지원 서비스업,2105,0.0,12756300000
478390,KB제29호스팩,KOSDAQ,금융 지원 서비스업,2050,-0.49,12751000000
0093G0,미래에셋비전스팩8호,KOSDAQ,금융 지원 서비스업,1990,-0.2,12736000000
054180,메디콕스,KOSDAQ,선박 및 보트 건조업,2295,0.0,12686716395
0037T0,KB제32호스팩,KOSDAQ,금융 지원 서비스업,1998,0.3,12647340000
492220,KB제31호스팩,KOSDAQ,금융 지원 서비스업,2015,0.0,12513150000
001000,신라섬유,KOSDAQ,부동산 임대 및 공급업,515,7.29,12502933100
482520,교보16호스팩,KOSDAQ,금융 지원 서비스업,2045,0.0,12474500000
45226K,한화갤러리아우,KOSPI,기타,4285,-0.23,12445653950
0054V0,엔에이치스팩32호,KOSDAQ,금융 지원 서비스업,1999,-0.05,12426783500
289010,아이스크림에듀,KOSDAQ,"서적, 잡지 및 기타 인쇄물 출판업",891,0.0,12425223096
0131D0,키움히어로제2호스팩,KOSDAQ,금융 지원 서비스업,1969,0.2,12424390000
065570,삼영이엔씨,KOSDAQ,통신 및 방송 장비 제조업,764,0.0,12295692232
086220,광동헬스바이오,KONEX,기타 식품 제조업,969,-0.82,12294541185
0091W0,신영스팩11호,KOSDAQ,금융 지원 서비스업,2015,0.0,12227020000
145995,삼양사우,KOSPI,기타,32900,0.0,12175303000
0041L0,하나35호스팩,KOSDAQ,금융 지원 서비스업,2000,0.05,12060000000
0088D0,메리츠제1호스팩,KOSDAQ,금융 지원 서비스업,2080,0.0,12053600000
477760,DB금융스팩12호,KOSDAQ,기타 금융업,2045,-0.24,11942800000
0132G0,교보20호스팩,KOSDAQ,기타 금융업,1999,0.2,11934030000
149010,아이케이세미콘,KONEX,반도체 제조업,3790,-0.13,11824800000
469900,하나31호스팩,KOSDAQ,금융 지원 서비스업,2090,0.24,11714450000
308100,형지글로벌,KOSDAQ,"섬유, 의복, 신발 및 가죽제품 소매업",453,12.97,11696459094
019685,대교우B,KOSPI,기타,598,0.0,11617340020
482690,대신밸런스제19호스팩,KOSDAQ,금융 지원 서비스업,2060,-0.24,11566900000
103660,씨앗,KONEX,기타 화학제품 제조업,1899,0.0,11427177429
474660,신한제12호스팩,KOSDAQ,금융 지원 서비스업,2070,-0.24,11426400000
0071M0,삼성스팩11호,KOSDAQ,금융 지원 서비스업,1983,-0.25,11422080000
487360,신한제14호스팩,KOSDAQ,금융 지원 서비스업,2020,0.0,11392800000
474490,유안타제16호스팩,KOSDAQ,금융 지원 서비스업,2065,0.0,11378150000
028080,휴맥스홀딩스,KOSDAQ,"컴퓨터 프로그래밍, 시스템 통합 및 관리업",4480,-4.27,11335950080
217880,틸론,KONEX,소프트웨어 개발 및 공급업,1055,-2.76,11317290950
477470,미래에셋비전스팩5호,KOSDAQ,금융 지원 서비스업,2065,0.0,11316200000
015260,에이엔피,KOSPI,전자부품 제조업,240,-8.75,11308054560
060480,국일신동,KOSDAQ,1차 비철금속 제조업,1017,-2.77,11278530000
0105P0,유진스팩12호,KOSDAQ,금융 지원 서비스업,1990,-0.05,11263400000
084180,수성웹툰,KOSDAQ,일반 목적용 기계 제조업,622,-7.44,11242204026
496070,신한제16호스팩,KOSDAQ,금융 지원 서비스업,1998,0.2,11228760000
058450,한주에이알티,KOSDAQ,"영화, 비디오물, 방송프로그램 제작 및 배급업",2230,-5.31,11179819560
025870,신라에스지,KOSDAQ,음·식료품 및 담배 도매업,2785,0.18,11140000000
044380,주연테크,KOSPI,컴퓨터 및 주변장치 제조업,859,0.0,11077935444
0129K0,신한제18호스팩,KOSDAQ,금융 지원 서비스업,1971,-0.1,11077020000
225430,케이엠제약,KOSDAQ,기타 화학제품 제조업,1684,-3.5,10921876700
208640,썸에이지,KOSDAQ,소프트웨어 개발 및 공급업,784,-1.26,10916435600
0096D0,미래에셋비전스팩9호,KOSDAQ,금융 지원 서비스업,1974,0.0,10857000000
084695,대상홀딩스우,KOSPI,기타,11880,0.08,10852166160
38380K,LX홀딩스1우,KOSPI,기타,7400,-0.27,10843109000
00781K,코리아써키트2우B,KOSPI,기타,13800,-0.43,10815046200
486630,KB제30호스팩,KOSDAQ,금융 지원 서비스업,2035,0.0,10805850000
0098T0,교보19호스팩,KOSDAQ,금융 지원 서비스업,1999,0.2,10794600000
900270,헝셩그룹,KOSDAQ,기타 금융업,420,0.0,10735805220
493790,유안타제17호스팩,KOSDAQ,금융 지원 서비스업,2005,-0.25,10646550000
0004Y0,디비금융제14호스팩,KOSDAQ,기타 금융업,1992,0.05,10587480000
489210,교보17호스팩,KOSDAQ,금융 지원 서비스업,2040,0.0,10567200000
0130D0,신한제17호스팩,KOSDAQ,금융 지원 서비스업,1973,-0.3,10535820000
250930,예선테크,KOSDAQ,플라스틱제품 제조업,1593,-10.81,10513940184
043100,알파AI,KOSDAQ,의료용 기기 제조업,520,0.0,10457241600
418620,E8,KOSDAQ,소프트웨어 개발 및 공급업,526,-9.31,10441350902
900100,파이온엑스,KOSDAQ,자동차 부품 및 내장품 판매업,1976,0.61,10425474800
247660,나노씨엠에스,KOSDAQ,전자부품 제조업,2360,-5.03,10251651200
478110,이베스트스팩6호,KOSDAQ,금융 지원 서비스업,2040,0.0,10240800000
466690,키움히어로제1호스팩,KOSDAQ,금융 지원 서비스업,1996,-0.15,10169620000
0041B0,교보18호스팩,KOSDAQ,금융 지원 서비스업,2010,-0.25,10130400000
003075,코오롱글로벌우,KOSPI,기타,13630,-1.45,10096245310
498390,한화플러스제5호스팩,KOSDAQ,금융 지원 서비스업,2035,0.0,10093600000
289170,바이오텐,KONEX,기타 식품 제조업,2800,0.0,10014729200
472220,신영스팩10호,KOSDAQ,금융 지원 서비스업,2110,0.24,9895900000
238500,솔루믹스,KONEX,"그외 기타 전문, 과학 및 기술 서비스업",475,0.0,9883469400
114920,대주이엔티,KONEX,1차 철강 제조업,2835,13.86,9836032500
004255,NPC우,KOSPI,기타,1852,-1.07,9778560000
035290,골드앤에스,KOSDAQ,"서적, 잡지 및 기타 인쇄물 출판업",2015,-16.56,9606810720
488060,유진스팩11호,KOSDAQ,금융 지원 서비스업,2025,0.25,9558000000
106080,케이이엠텍,KOSDAQ,전자부품 제조업,1650,0.0,9506998050
145210,다이나믹디자인,KOSPI,특수 목적용 기계 제조업,2240,0.0,9461011840
092600,앤씨앤,KOSDAQ,반도체 제조업,1867,-2.76,9366184501
001755,한양증권우,KOSPI,기타,19720,0.1,9324996400
008290,원풍물산,KOSDAQ,봉제의복 제조업,458,5.05,9318852262
389680,유디엠텍,KOSDAQ,소프트웨어 개발 및 공급업,1113,-0.09,9260931309
001067,JW중외제약2우B,KOSPI,기타,44050,-2.11,9249310650
004105,태양금속우,KOSPI,기타,2795,-1.06,9223500000
484130,하나34호스팩,KOSDAQ,금융 지원 서비스업,2030,0.5,9175600000
469480,IBKS제24호스팩,KOSDAQ,금융 지원 서비스업,2130,0.0,9009900000
473950,에스케이증권제13호스팩,KOSDAQ,금융 지원 서비스업,2035,-0.25,8994700000
33637L,솔루스첨단소재2우B,KOSPI,기타,2370,-1.86,8953604040
189350,코셋,KONEX,통신 및 방송 장비 제조업,1850,-2.48,8880000000
468760,유진스팩10호,KOSDAQ,금융 지원 서비스업,2080,0.0,8819200000
487830,신한제15호스팩,KOSDAQ,금융 지원 서비스업,2025,0.0,8808750000
233250,메디안디노스틱,KONEX,의료용품 및 기타 의약 관련제품 제조업,5000,2.04,8732670000
244880,나눔테크,KONEX,의료용 기기 제조업,1738,0.0,8724760000
224760,엔에스컴퍼니,KONEX,토목 건설업,2205,0.0,8687038500
472230,에스케이증권제11호스팩,KOSDAQ,금융 지원 서비스업,2090,0.0,8683950000
03481K,해성산업1우,KOSDAQ,기타,6260,-0.16,8622855780
185190,수프로,KONEX,산업용 농·축산물 및 동·식물 도매업,932,-14.96,8610398500
0068Y0,비엔케이제3호스팩,KOSDAQ,금융 지원 서비스업,1982,-0.3,8542420000
199150,데이터스트림즈,KONEX,소프트웨어 개발 및 공급업,2000,0.05,8537226000
487720,키움제10호스팩,KOSDAQ,금융 지원 서비스업,2015,0.25,8523450000
000225,유유제약1우,KOSPI,기타,3720,0.95,8432979600
251280,안지오랩,KONEX,자연과학 및 공학 연구개발업,2400,12.94,8380488000
178600,대동고려삼,KONEX,기타 식품 제조업,1870,0.81,8320752000
312610,에이에프더블류,KOSDAQ,1차 비철금속 제조업,410,16.81,8305324080
199730,바이오인프라,KOSDAQ,자연과학 및 공학 연구개발업,1683,-1.0,8186729661
001515,SK증권우,KOSPI,기타,4175,-2.0,8167372975
0041J0,엘에스스팩1호,KOSDAQ,금융 지원 서비스업,1986,0.05,8162460000
236340,메디젠휴먼케어,KONEX,자연과학 및 공학 연구개발업,2700,0.0,8139546900
465320,교보15호스팩,KOSDAQ,금융 지원 서비스업,2125,0.0,8096250000
087260,모바일어플라이언스,KOSDAQ,소프트웨어 개발 및 공급업,247,0.0,8040556667
318660,타임기술,KONEX,소프트웨어 개발 및 공급업,3730,-1.84,8027336730
012205,계양전기우,KOSPI,기타,6850,4.26,8008191150
001065,JW중외제약우,KOSPI,기타,23100,2.44,7899068100
079970,투비소프트,KOSDAQ,소프트웨어 개발 및 공급업,596,0.0,7646223464
475250,하나33호스팩,KOSDAQ,금융 지원 서비스업,2065,-0.48,7640500000
299480,지앤이헬스케어,KONEX,기타 섬유제품 제조업,679,0.15,7537404497
212310,오건에코텍,KONEX,의료용 기기 제조업,635,0.0,7514663025
474930,신한제13호스팩,KOSDAQ,금융 지원 서비스업,2075,0.0,7511500000
065420,에스아이리소스,KOSDAQ,기타 화학제품 제조업,94,0.0,7283384140
447690,아이오바이오,KONEX,의료용 기기 제조업,2595,6.57,7195301820
276040,스코넥,KOSDAQ,소프트웨어 개발 및 공급업,327,0.0,7073119545
224810,엄지하우스,KONEX,실내건축 및 건축마무리 공사업,1684,-2.43,7072800000
121850,코이즈,KOSDAQ,플라스틱제품 제조업,1394,4.26,7049456606
101000,KS인더스트리,KOSDAQ,특수 목적용 기계 제조업,697,-18.1,6907609439
473000,에스케이증권제12호스팩,KOSDAQ,금융 지원 서비스업,2060,0.0,6818600000
066830,제노텍,KONEX,기타 화학제품 제조업,1199,0.0,6794948820
002995,금호건설우,KOSPI,기타,23200,2.43,6780571200
475240,하나32호스팩,KOSDAQ,금융 지원 서비스업,2080,-0.24,6656000000
199290,바이오프로테크,KONEX,의료용 기기 제조업,390,0.0,6639824880
276240,엘리비젼,KONEX,영상 및 음향기기 제조업,526,-11.74,6476710588
011080,형지I&C,KOSDAQ,봉제의복 제조업,907,2.95,6436309634
234070,에이원큐브텍,KONEX,산업용 기계 및 장비 임대업,913,-1.19,6355121839
004985,성신양회우,KOSPI,기타,8610,-2.27,6333903450
253610,루트락,KONEX,기타 전문 도매업,611,-9.88,6267681381
004835,덕성우,KOSPI,기타,4465,9.84,6215280000
000325,노루홀딩스우,KOSPI,기타,25050,-2.34,6101152950
236030,씨알푸드,KONEX,"곡물가공품, 전분 및 전분제품 제조업",2900,0.0,5896662800
26490K,크라운제과우,KOSPI,기타,7560,-0.26,5848113600
267080,세븐브로이맥주,KONEX,알코올음료 제조업,486,0.0,5769504288
311960,인터로이드,KONEX,소프트웨어 개발 및 공급업,1799,-4.56,5509732536
044180,KD,KOSDAQ,건물 건설업,205,0.0,5477148795
090355,노루페인트우,KOSPI,기타,11420,-0.95,5288898920
313760,캐리,KOSDAQ,"전동기, 발전기 및 전기 변환 · 공급 · 제어 장치 제조업",468,0.0,5244963048
341170,퓨쳐메디신,KONEX,자연과학 및 공학 연구개발업,496,0.0,5224469680
216400,인바이츠바이오코아,KONEX,자연과학 및 공학 연구개발업,670,3.88,5166581050
266350,팡스카이,KONEX,소프트웨어 개발 및 공급업,398,0.0,5026568860
258050,테크트랜스,KONEX,기타 금속 가공제품 제조업,449,0.0,5004531101
136660,큐엠씨,KONEX,특수 목적용 기계 제조업,2100,-8.3,4957995000
346010,타이드,KONEX,전자부품 제조업,1000,0.0,4860062000
116100,태양기계,KONEX,자동차 신품 부품 제조업,624,-2.04,4642551264
215570,크로넥스,KONEX,자연과학 및 공학 연구개발업,697,7.89,4642125247
000145,하이트진로홀딩스우,KOSPI,기타,9680,0.83,4557440800
052770,아이톡시,KOSDAQ,소프트웨어 개발 및 공급업,312,0.0,4545457488
092590,럭스피아,KONEX,반도체 제조업,600,-14.89,4374658800
202960,판도라티비,KONEX,소프트웨어 개발 및 공급업,349,1.16,4158538118
000545,흥국화재우,KOSPI,기타,5410,-0.92,4154880000
009415,태영건설우,KOSPI,기타,6300,-4.55,4094836200
217910,에스제이켐,KONEX,기초 화학물질 제조업,289,-2.69,4043260858
005965,동부건설우,KOSPI,기타,17700,-0.51,3995456400
402420,켈스,KONEX,의료용 기기 제조업,1700,6.32,3992897100
007575,일양약품우,KOSPI,기타,8230,-1.67,3663008400
014825,동원시스템즈우,KOSPI,기타,13800,0.66,3644731800
121060,유니포인트,KONEX,"컴퓨터 프로그래밍, 시스템 통합 및 관리업",700,6.87,3635648100
208890,미래엔에듀파트너,KONEX,교육지원 서비스업,900,0.0,3604968000
014285,금강공업우,KOSPI,기타,5720,-2.05,3374085000
332190,오션스바이오,KONEX,의료용 기기 제조업,2245,-14.64,3317748555
093510,엔지브이아이,KONEX,자동차 신품 부품 제조업,546,-0.18,3286920000
005745,크라운해태홀딩스우,KOSPI,기타,5330,-0.74,3201869580
245450,씨앤에스링크,KONEX,통신 및 방송 장비 제조업,1999,9.06,3158340040
266470,바이오인프라생명과학,KONEX,자연과학 및 공학 연구개발업,110,-7.56,3065262090
413300,티엘엔지니어링,KONEX,"건축기술, 엔지니어링 및 관련 기술 서비스업",2125,-14.83,2871969375
390110,애니메디솔루션,KONEX,의료용 기기 제조업,295,14.34,2860628865
36328K,티와이홀딩스우,KOSPI,기타,2430,-2.8,2855126070
296520,가이아코퍼레이션,KONEX,생활용품 도매업,606,-1.14,2828206848
014915,성문전자우,KOSPI,기타,4590,-4.87,2754000000
001525,동양우,KOSPI,기타,9120,-0.87,2395048800
000227,유유제약2우B,KOSPI,기타,7400,-5.13,2389904000
008355,남선알미우,KOSPI,기타,7470,2.47,2299938300
021045,대호특수강우,KOSDAQ,기타,2500,0.0,2121230000
448780,마이크로엔엑스,KONEX,의료용 기기 제조업,756,0.93,2024326080
140660,위월드,KONEX,통신 및 방송 장비 제조업,800,0.0,1989801600
269620,시스웍,KOSDAQ,"측정, 시험, 항해, 제어 및 기타 정밀기기 제조업; 광학기기 제외",12,-29.41,1782992292
004545,깨끗한나라우,KOSPI,기타,4515,-3.94,1653212400
302920,더콘텐츠온,KONEX,"영화, 비디오물, 방송프로그램 제작 및 배급업",310,-3.13,1411231290
266170,레드우즈,KONEX,"영화, 비디오물, 방송프로그램 제작 및 배급업",1050,0.0,1366092000
001527,동양2우B,KOSPI,기타,6640,0.0,1365881200
011155,CJ씨푸드1우,KOSPI,기타,6670,-17.04,1334000000
004415,서울식품우,KOSPI,기타,5410,-5.58,1203454500
002785,진흥기업우B,KOSPI,기타,1336,0.0,1145243248
279060,이노벡스,KONEX,"측정, 시험, 항해, 제어 및 기타 정밀기기 제조업; 광학기기 제외",115,0.0,1127904590
223220,로지스몬,KONEX,기타 운송관련 서비스업,162,-14.74,923872878
002787,진흥기업2우B,KOSPI,기타,2895,0.0,853469160
032685,소프트센우,KOSDAQ,기타,9450,-12.98,674370900
327610,펨토바이오메드,KONEX,의료용 기기 제조업,69,-1.43,588989934
MMM,3M,S&P500,Industrial Conglomerates,,,
AOS,A. O. Smith,S&P500,Building Products,,,
ABT,Abbott Laboratories,S&P500,Health Care Equipment,,,
ABBV,AbbVie,S&P500,Biotechnology,,,
ACN,Accenture,S&P500,IT Consulting & Other Services,,,
ADBE,Adobe Inc.,S&P500,Application Software,,,
AMD,Advanced Micro Devices,S&P500,Semiconductors,,,
AES,AES Corporation,S&P500,Independent Power Producers & Energy Traders,,,
AFL,Aflac,S&P500,Life & Health Insurance,,,
A,Agilent Technologies,S&P500,Life Sciences Tools & Services,,,
APD,Air Products,S&P500,Industrial Gases,,,
ABNB,Airbnb,S&P500,"Hotels, Resorts & Cruise Lines",,,
AKAM,Akamai Technologies,S&P500,Internet Services & Infrastructure,,,
ALB,Albemarle Corporation,S&P500,Specialty Chemicals,,,
ARE,Alexandria Real Estate Equities,S&P500,Office REITs,,,
ALGN,Align Technology,S&P500,Health Care Supplies,,,
ALLE,Allegion,S&P500,Building Products,,,
LNT,Alliant Energy,S&P500,Electric Utilities,,,
ALL,Allstate,S&P500,Property & Casualty Insurance,,,
GOOGL,Alphabet Inc. (Class A),S&P500,Interactive Media & Services,,,
GOOG,Alphabet Inc. (Class C),S&P500,Interactive Media & Services,,,
MO,Altria,S&P500,Tobacco,,,
AMZN,Amazon,S&P500,Broadline Retail,,,
AMCR,Amcor,S&P500,Paper & Plastic Packaging Products & Materials,,,
AEE,Ameren,S&P500,Multi-Utilities,,,
AEP,American Electric Power,S&P500,Electric Utilities,,,
AXP,American Express,S&P500,Consumer Finance,,,
AIG,American International Group,S&P500,Multi-line Insurance,,,
AMT,American Tower,S&P500,Telecom Tower REITs,,,
AWK,American Water Works,S&P500,Water Utilities,,,
AMP,Ameriprise Financial,S&P500,Asset Management & Custody Banks,,,
AME,Ametek,S&P500,Electrical Components & Equipment,,,
AMGN,Amgen,S&P500,Biotechnology,,,
APH,Amphenol,S&P500,Electronic Components,,,
ADI,Analog Devices,S&P500,Semiconductors,,,
AON,Aon plc,S&P500,Insurance Brokers,,,
APA,APA Corporation,S&P500,Oil & Gas Exploration & Production,,,
APO,Apollo Global Management,S&P500,Asset Management & Custody Banks,,,
AAPL,Apple Inc.,S&P500,"Technology Hardware, Storage & Peripherals",,,
AMAT,Applied Materials,S&P500,Semiconductor Materials & Equipment,,,
APP,AppLovin,S&P500,Advertising,,,
APTV,Aptiv,S&P500,Automotive Parts & Equipment,,,
ACGL,Arch Capital Group,S&P500,Property & Casualty Insurance,,,
ADM,Archer Daniels Midland,S&P500,Agricultural Products & Services,,,
ARES,Ares Management,S&P500,Asset Management & Custody Banks,,,
ANET,Arista Networks,S&P500,Communications Equipment,,,
AJG,Arthur J. Gallagher & Co.,S&P500,Insurance Brokers,,,
AIZ,Assurant,S&P500,Multi-line Insurance,,,
T,AT&T,S&P500,Integrated Telecommunication Services,,,
ATO,Atmos Energy,S&P500,Gas Utilities,,,
ADSK,Autodesk,S&P500,Application Software,,,
ADP,Automatic Data Processing,S&P500,Human Resource & Employment Services,,,
AZO,AutoZone,S&P500,Automotive Retail,,,
AVY,Avery Dennison,S&P500,Paper & Plastic Packaging Products & Materials,,,
AXON,Axon Enterprise,S&P500,Aerospace & Defense,,,
BKR,Baker Hughes,S&P500,Oil & Gas Equipment & Services,,,
BALL,Ball Corporation,S&P500,"Metal, Glass & Plastic Containers",,,
BAC,Bank of America,S&P500,Diversified Banks,,,
BAX,Baxter International,S&P500,Health Care Equipment,,,
BDX,Becton Dickinson,S&P500,Health Care Equipment,,,
BRKB,Berkshire Hathaway,S&P500,Multi-Sector Holdings,,,
BBY,Best Buy,S&P500,Computer & Electronics Retail,,,
TECH,Bio-Techne,S&P500,Life Sciences Tools & Services,,,
BIIB,Biogen,S&P500,Biotechnology,,,
BLK,BlackRock,S&P500,Asset Management & Custody Banks,,,
BX,Blackstone Inc.,S&P500,Asset Management & Custody Banks,,,
XYZ,"Block, Inc.",S&P500,Transaction & Payment Processing Services,,,
BNY,BNY Mellon,S&P500,Asset Management & Custody Banks,,,
BA,Boeing,S&P500,Aerospace & Defense,,,
BKNG,Booking Holdings,S&P500,"Hotels, Resorts & Cruise Lines",,,
BSX,Boston Scientific,S&P500,Health Care Equipment,,,
BMY,Bristol Myers Squibb,S&P500,Pharmaceuticals,,,
AVGO,Broadcom,S&P500,Semiconductors,,,
BR,Broadridge Financial Solutions,S&P500,Data Processing & Outsourced Services,,,
BRO,Brown & Brown,S&P500,Insurance Brokers,,,
BFB,Brown–Forman,S&P500,Distillers & Vintners,,,
BLDR,Builders FirstSource,S&P500,Building Products,,,
BG,Bunge Global,S&P500,Agricultural Products & Services,,,
BXP,"BXP, Inc.",S&P500,Office REITs,,,
CHRW,C.H. Robinson,S&P500,Air Freight & Logistics,,,
CDNS,Cadence Design Systems,S&P500,Application Software,,,
CPT,Camden Property Trust,S&P500,Multi-Family Residential REITs,,,
COF,Capital One,S&P500,Consumer Finance,,,
CAH,Cardinal Health,S&P500,Health Care Distributors,,,
CCL,Carnival Corporation,S&P500,"Hotels, Resorts & Cruise Lines",,,
CARR,Carrier Global,S&P500,Building Products,,,
CVNA,Carvana,S&P500,Automotive Retail,,,
CASY,Casey's,S&P500,Food Retail,,,
CAT,Caterpillar Inc.,S&P500,Construction Machinery & Heavy Transportation Equipment,,,
CBOE,Cboe Global Markets,S&P500,Financial Exchanges & Data,,,
CBRE,CBRE Group,S&P500,Real Estate Services,,,
CDW,CDW Corporation,S&P500,Technology Distributors,,,
COR,Cencora,S&P500,Health Care Distributors,,,
CNC,Centene Corporation,S&P500,Managed Health Care,,,
CNP,CenterPoint Energy,S&P500,Multi-Utilities,,,
CF,CF Industries,S&P500,Fertilizers & Agricultural Chemicals,,,
CRL,Charles River Laboratories,S&P500,Life Sciences Tools & Services,,,
SCHW,Charles Schwab Corporation,S&P500,Investment Banking & Brokerage,,,
CHTR,Charter Communications,S&P500,Cable & Satellite,,,
CVX,Chevron Corporation,S&P500,Integrated Oil & Gas,,,
CMG,Chipotle Mexican Grill,S&P500,Restaurants,,,
CB,Chubb Limited,S&P500,Property & Casualty Insurance,,,
CHD,Church & Dwight,S&P500,Household Products,,,
CIEN,Ciena,S&P500,Communications Equipment,,,
CI,Cigna,S&P500,Health Care Services,,,
CINF,Cincinnati Financial,S&P500,Property & Casualty Insurance,,,
CTAS,Cintas,S&P500,Diversified Support Services,,,
CSCO,Cisco,S&P500,Communications Equipment,,,
C,Citigroup,S&P500,Diversified Banks,,,
CFG,Citizens Financial Group,S&P500,Regional Banks,,,
CLX,Clorox,S&P500,Household Products,,,
CME,CME Group,S&P500,Financial Exchanges & Data,,,
CMS,CMS Energy,S&P500,Multi-Utilities,,,
KO,Coca-Cola Company (The),S&P500,Soft Drinks & Non-alcoholic Beverages,,,
CTSH,Cognizant,S&P500,IT Consulting & Other Services,,,
COHR,Coherent Corp.,S&P500,Electronic Components,,,
COIN,Coinbase,S&P500,Financial Exchanges & Data,,,
CL,Colgate-Palmolive,S&P500,Household Products,,,
CMCSA,Comcast,S&P500,Cable & Satellite,,,
FIX,Comfort Systems USA,S&P500,Construction & Engineering,,,
COP,ConocoPhillips,S&P500,Oil & Gas Exploration & Production,,,
ED,Consolidated Edison,S&P500,Multi-Utilities,,,
STZ,Constellation Brands,S&P500,Distillers & Vintners,,,
CEG,Constellation Energy,S&P500,Electric Utilities,,,
COO,Cooper Companies (The),S&P500,Health Care Supplies,,,
CPRT,Copart,S&P500,Diversified Support Services,,,
GLW,Corning Inc.,S&P500,Electronic Components,,,
CPAY,Corpay,S&P500,Transaction & Payment Processing Services,,,
CTVA,Corteva,S&P500,Fertilizers & Agricultural Chemicals,,,
CSGP,CoStar Group,S&P500,Real Estate Services,,,
COST,Costco,S&P500,Consumer Staples Merchandise Retail,,,
CRH,CRH plc,S&P500,Construction Materials,,,
CRWD,CrowdStrike,S&P500,Systems Software,,,
CCI,Crown Castle,S&P500,Telecom Tower REITs,,,
CSX,CSX Corporation,S&P500,Rail Transportation,,,
CMI,Cummins,S&P500,Construction Machinery & Heavy Transportation Equipment,,,
CVS,CVS Health,S&P500,Health Care Services,,,
DHR,Danaher Corporation,S&P500,Life Sciences Tools & Services,,,
DRI,Darden Restaurants,S&P500,Restaurants,,,
DDOG,Datadog,S&P500,Application Software,,,
DVA,DaVita,S&P500,Health Care Services,,,
DECK,Deckers Brands,S&P500,Footwear,,,
DE,Deere & Company,S&P500,Agricultural & Farm Machinery,,,
DELL,Dell Technologies,S&P500,"Technology Hardware, Storage & Peripherals",,,
DAL,Delta Air Lines,S&P500,Passenger Airlines,,,
DVN,Devon Energy,S&P500,Oil & Gas Exploration & Production,,,
DXCM,Dexcom,S&P500,Health Care Equipment,,,
FANG,Diamondback Energy,S&P500,Oil & Gas Exploration & Production,,,
DLR,Digital Realty,S&P500,Data Center REITs,,,
DG,Dollar General,S&P500,Consumer Staples Merchandise Retail,,,
DLTR,Dollar Tree,S&P500,Consumer Staples Merchandise Retail,,,
D,Dominion Energy,S&P500,Multi-Utilities,,,
DPZ,Domino's,S&P500,Restaurants,,,
DASH,DoorDash,S&P500,Specialized Consumer Services,,,
DOV,Dover Corporation,S&P500,Industrial Machinery & Supplies & Components,,,
DOW,Dow Inc.,S&P500,Commodity Chemicals,,,
DHI,D. R. Horton,S&P500,Homebuilding,,,
DTE,DTE Energy,S&P500,Multi-Utilities,,,
DUK,Duke Energy,S&P500,Electric Utilities,,,
DD,DuPont,S&P500,Industrial Conglomerates,,,
ETN,Eaton Corporation,S&P500,Electrical Components & Equipment,,,
EBAY,eBay Inc.,S&P500,Broadline Retail,,,
ECHO,EchoStar,S&P500,Wireless Telecommunication Services,,,
ECL,Ecolab,S&P500,Specialty Chemicals,,,
EIX,Edison International,S&P500,Electric Utilities,,,
EW,Edwards Lifesciences,S&P500,Health Care Equipment,,,
ELV,Elevance Health,S&P500,Managed Health Care,,,
EME,Emcor,S&P500,Construction & Engineering,,,
EMR,Emerson Electric,S&P500,Electrical Components & Equipment,,,
ETR,Entergy,S&P500,Electric Utilities,,,
EOG,EOG Resources,S&P500,Oil & Gas Exploration & Production,,,
EQT,EQT Corporation,S&P500,Oil & Gas Exploration & Production,,,
EFX,Equifax,S&P500,Research & Consulting Services,,,
EQIX,Equinix,S&P500,Data Center REITs,,,
ERIE,Erie Indemnity,S&P500,Insurance Brokers,,,
ESS,Essex Property Trust,S&P500,Multi-Family Residential REITs,,,
EL,Estée Lauder Companies (The),S&P500,Personal Care Products,,,
EG,Everest Group,S&P500,Reinsurance,,,
EVRG,Evergy,S&P500,Electric Utilities,,,
ES,Eversource Energy,S&P500,Electric Utilities,,,
EXC,Exelon,S&P500,Electric Utilities,,,
EXE,Expand Energy,S&P500,Oil & Gas Exploration & Production,,,
EXPE,Expedia Group,S&P500,"Hotels, Resorts & Cruise Lines",,,
EXPD,Expeditors International,S&P500,Air Freight & Logistics,,,
EXR,Extra Space Storage,S&P500,Self-Storage REITs,,,
XOM,ExxonMobil,S&P500,Integrated Oil & Gas,,,
FFIV,"F5, Inc.",S&P500,Communications Equipment,,,
FDS,FactSet,S&P500,Financial Exchanges & Data,,,
FICO,Fair Isaac,S&P500,Application Software,,,
FAST,Fastenal,S&P500,Trading Companies & Distributors,,,
FRT,Federal Realty Investment Trust,S&P500,Retail REITs,,,
FDX,FedEx,S&P500,Air Freight & Logistics,,,
FDXF,FedEx Freight,S&P500,Cargo Ground Transportation,,,
FERG,Ferguson Enterprises,S&P500,Building Products,,,
FIS,Fidelity National Information Services,S&P500,Transaction & Payment Processing Services,,,
FITB,Fifth Third Bancorp,S&P500,Regional Banks,,,
FSLR,First Solar,S&P500,Semiconductors,,,
FE,FirstEnergy,S&P500,Electric Utilities,,,
FISV,Fiserv,S&P500,Transaction & Payment Processing Services,,,
FLEX,Flex Ltd.,S&P500,Electronic Manufacturing Services,,,
F,Ford Motor Company,S&P500,Automobile Manufacturers,,,
FTNT,Fortinet,S&P500,Systems Software,,,
FTV,Fortive,S&P500,Industrial Machinery & Supplies & Components,,,
FOXA,Fox Corporation (Class A),S&P500,Broadcasting,,,
FOX,Fox Corporation (Class B),S&P500,Broadcasting,,,
BEN,Franklin Resources,S&P500,Asset Management & Custody Banks,,,
FCX,Freeport-McMoRan,S&P500,Copper,,,
GRMN,Garmin,S&P500,Consumer Electronics,,,
IT,Gartner,S&P500,IT Consulting & Other Services,,,
GE,GE Aerospace,S&P500,Aerospace & Defense,,,
GEHC,GE HealthCare,S&P500,Health Care Equipment,,,
GEV,GE Vernova,S&P500,Heavy Electrical Equipment,,,
GEN,Gen Digital,S&P500,Systems Software,,,
GNRC,Generac,S&P500,Heavy Electrical Equipment,,,
GD,General Dynamics,S&P500,Aerospace & Defense,,,
GIS,General Mills,S&P500,Packaged Foods & Meats,,,
GM,General Motors,S&P500,Automobile Manufacturers,,,
GPC,Genuine Parts Company,S&P500,Distributors,,,
GILD,Gilead Sciences,S&P500,Biotechnology,,,
GPN,Global Payments,S&P500,Transaction & Payment Processing Services,,,
GL,Globe Life,S&P500,Life & Health Insurance,,,
GDDY,GoDaddy,S&P500,Internet Services & Infrastructure,,,
GS,Goldman Sachs,S&P500,Investment Banking & Brokerage,,,
HAL,Halliburton,S&P500,Oil & Gas Equipment & Services,,,
HIG,Hartford (The),S&P500,Property & Casualty Insurance,,,
HAS,Hasbro,S&P500,Leisure Products,,,
HCA,HCA Healthcare,S&P500,Health Care Facilities,,,
DOC,Healthpeak Properties,S&P500,Health Care REITs,,,
HSIC,Henry Schein,S&P500,Health Care Distributors,,,
HSY,Hershey Company (The),S&P500,Packaged Foods & Meats,,,
HPE,Hewlett Packard Enterprise,S&P500,"Technology Hardware, Storage & Peripherals",,,
HLT,Hilton Worldwide,S&P500,"Hotels, Resorts & Cruise Lines",,,
HD,Home Depot (The),S&P500,Home Improvement Retail,,,
HONA,Honeywell Aerospace,S&P500,Aerospace & Defense,,,
HON,Honeywell Technologies,S&P500,Industrial Conglomerates,,,
HRL,Hormel Foods,S&P500,Packaged Foods & Meats,,,
HST,Host Hotels & Resorts,S&P500,Hotel & Resort REITs,,,
HWM,Howmet Aerospace,S&P500,Aerospace & Defense,,,
HPQ,HP Inc.,S&P500,"Technology Hardware, Storage & Peripherals",,,
HUBB,Hubbell Incorporated,S&P500,Industrial Machinery & Supplies & Components,,,
HUM,Humana,S&P500,Managed Health Care,,,
HBAN,Huntington Bancshares,S&P500,Regional Banks,,,
HII,Huntington Ingalls Industries,S&P500,Aerospace & Defense,,,
IBM,IBM,S&P500,IT Consulting & Other Services,,,
IEX,IDEX Corporation,S&P500,Industrial Machinery & Supplies & Components,,,
IDXX,Idexx Laboratories,S&P500,Health Care Equipment,,,
ITW,Illinois Tool Works,S&P500,Industrial Machinery & Supplies & Components,,,
INCY,Incyte,S&P500,Biotechnology,,,
IR,Ingersoll Rand,S&P500,Industrial Machinery & Supplies & Components,,,
PODD,Insulet Corporation,S&P500,Health Care Equipment,,,
INTC,Intel,S&P500,Semiconductors,,,
IBKR,Interactive Brokers,S&P500,Investment Banking & Brokerage,,,
ICE,Intercontinental Exchange,S&P500,Financial Exchanges & Data,,,
IFF,International Flavors & Fragrances,S&P500,Specialty Chemicals,,,
IP,International Paper,S&P500,Paper & Plastic Packaging Products & Materials,,,
INTU,Intuit,S&P500,Application Software,,,
ISRG,Intuitive Surgical,S&P500,Health Care Equipment,,,
IVZ,Invesco,S&P500,Asset Management & Custody Banks,,,
INVH,Invitation Homes,S&P500,Single-Family Residential REITs,,,
IQV,IQVIA,S&P500,Life Sciences Tools & Services,,,
IRM,Iron Mountain,S&P500,Other Specialized REITs,,,
JBHT,J.B. Hunt,S&P500,Cargo Ground Transportation,,,
JBL,Jabil,S&P500,Electronic Manufacturing Services,,,
JKHY,Jack Henry & Associates,S&P500,Transaction & Payment Processing Services,,,
J,Jacobs Solutions,S&P500,Construction & Engineering,,,
JNJ,Johnson & Johnson,S&P500,Pharmaceuticals,,,
JCI,Johnson Controls,S&P500,Building Products,,,
JPM,JPMorgan Chase,S&P500,Diversified Banks,,,
KVUE,Kenvue,S&P500,Personal Care Products,,,
KDP,Keurig Dr Pepper,S&P500,Soft Drinks & Non-alcoholic Beverages,,,
KEY,KeyCorp,S&P500,Regional Banks,,,
KEYS,Keysight Technologies,S&P500,Electronic Equipment & Instruments,,,
KMB,Kimberly-Clark,S&P500,Household Products,,,
KIM,Kimco Realty,S&P500,Retail REITs,,,
KMI,Kinder Morgan,S&P500,Oil & Gas Storage & Transportation,,,
KKR,KKR & Co.,S&P500,Asset Management & Custody Banks,,,
KLAC,KLA Corporation,S&P500,Semiconductor Materials & Equipment,,,
KHC,Kraft Heinz,S&P500,Packaged Foods & Meats,,,
KR,Kroger,S&P500,Food Retail,,,
LHX,L3Harris,S&P500,Aerospace & Defense,,,
LH,Labcorp,S&P500,Health Care Services,,,
LRCX,Lam Research,S&P500,Semiconductor Materials & Equipment,,,
LVS,Las Vegas Sands,S&P500,Casinos & Gaming,,,
LDOS,Leidos,S&P500,Diversified Support Services,,,
LEN,Lennar,S&P500,Homebuilding,,,
LII,Lennox International,S&P500,Building Products,,,
LLY,Lilly (Eli),S&P500,Pharmaceuticals,,,
LIN,Linde plc,S&P500,Industrial Gases,,,
LYV,Live Nation Entertainment,S&P500,Movies & Entertainment,,,
LMT,Lockheed Martin,S&P500,Aerospace & Defense,,,
L,Loews Corporation,S&P500,Multi-line Insurance,,,
LOW,Lowe's,S&P500,Home Improvement Retail,,,
LULU,Lululemon Athletica,S&P500,"Apparel, Accessories & Luxury Goods",,,
LITE,Lumentum,S&P500,Communications Equipment,,,
LYB,LyondellBasell,S&P500,Specialty Chemicals,,,
MTB,M&T Bank,S&P500,Regional Banks,,,
MPC,Marathon Petroleum,S&P500,Oil & Gas Refining & Marketing,,,
MAR,Marriott International,S&P500,"Hotels, Resorts & Cruise Lines",,,
MRSH,Marsh McLennan,S&P500,Insurance Brokers,,,
MLM,Martin Marietta Materials,S&P500,Construction Materials,,,
MRVL,Marvell Technology,S&P500,Semiconductors,,,
MAS,Masco,S&P500,Building Products,,,
MA,Mastercard,S&P500,Transaction & Payment Processing Services,,,
MKC,McCormick & Company,S&P500,Packaged Foods & Meats,,,
MCD,McDonald's,S&P500,Restaurants,,,
MCK,McKesson Corporation,S&P500,Health Care Distributors,,,
MDT,Medtronic,S&P500,Health Care Equipment,,,
MRK,Merck & Co.,S&P500,Pharmaceuticals,,,
META,Meta Platforms,S&P500,Interactive Media & Services,,,
MET,MetLife,S&P500,Life & Health Insurance,,,
MTD,Mettler Toledo,S&P500,Life Sciences Tools & Services,,,
MGM,MGM Resorts,S&P500,Casinos & Gaming,,,
MCHP,Microchip Technology,S&P500,Semiconductors,,,
MU,Micron Technology,S&P500,Semiconductors,,,
MSFT,Microsoft,S&P500,Systems Software,,,
MAA,Mid-America Apartment Communities,S&P500,Multi-Family Residential REITs,,,
MRNA,Moderna,S&P500,Biotechnology,,,
TAP,Molson Coors Beverage Company,S&P500,Brewers,,,
MDLZ,Mondelez International,S&P500,Packaged Foods & Meats,,,
MPWR,Monolithic Power Systems,S&P500,Semiconductors,,,
MNST,Monster Beverage,S&P500,Soft Drinks & Non-alcoholic Beverages,,,
MCO,Moody's Corporation,S&P500,Financial Exchanges & Data,,,
MS,Morgan Stanley,S&P500,Investment Banking & Brokerage,,,
MOS,Mosaic Company (The),S&P500,Fertilizers & Agricultural Chemicals,,,
MSI,Motorola Solutions,S&P500,Communications Equipment,,,
MSCI,MSCI,S&P500,Financial Exchanges & Data,,,
NDAQ,"Nasdaq, Inc.",S&P500,Financial Exchanges & Data,,,
NTAP,NetApp,S&P500,"Technology Hardware, Storage & Peripherals",,,
NFLX,Netflix,S&P500,Movies & Entertainment,,,
NEM,Newmont,S&P500,Gold,,,
NWSA,News Corp (Class A),S&P500,Publishing,,,
NWS,News Corp (Class B),S&P500,Publishing,,,
NEE,NextEra Energy,S&P500,Multi-Utilities,,,
NKE,"Nike, Inc.",S&P500,"Apparel, Accessories & Luxury Goods",,,
NI,NiSource,S&P500,Multi-Utilities,,,
NDSN,Nordson Corporation,S&P500,Industrial Machinery & Supplies & Components,,,
NSC,Norfolk Southern,S&P500,Rail Transportation,,,
NTRS,Northern Trust,S&P500,Asset Management & Custody Banks,,,
NOC,Northrop Grumman,S&P500,Aerospace & Defense,,,
NCLH,Norwegian Cruise Line Holdings,S&P500,"Hotels, Resorts & Cruise Lines",,,
NRG,NRG Energy,S&P500,Independent Power Producers & Energy Traders,,,
NUE,Nucor,S&P500,Steel,,,
NVDA,Nvidia,S&P500,Semiconductors,,,
NVR,"NVR, Inc.",S&P500,Homebuilding,,,
NXPI,NXP Semiconductors,S&P500,Semiconductors,,,
ORLY,O'Reilly Automotive,S&P500,Automotive Retail,,,
OXY,Occidental Petroleum,S&P500,Oil & Gas Exploration & Production,,,
ODFL,Old Dominion,S&P500,Cargo Ground Transportation,,,
OMC,Omnicom Group,S&P500,Advertising,,,
ON,ON Semiconductor,S&P500,Semiconductors,,,
OKE,Oneok,S&P500,Oil & Gas Storage & Transportation,,,
ORCL,Oracle Corporation,S&P500,Application Software,,,
OTIS,Otis Worldwide,S&P500,Industrial Machinery & Supplies & Components,,,
PCAR,Paccar,S&P500,Construction Machinery & Heavy Transportation Equipment,,,
PKG,Packaging Corporation of America,S&P500,Paper & Plastic Packaging Products & Materials,,,
PLTR,Palantir Technologies,S&P500,Application Software,,,
PANW,Palo Alto Networks,S&P500,Systems Software,,,
PSKY,Paramount Skydance Corporation,S&P500,Movies & Entertainment,,,
PH,Parker Hannifin,S&P500,Industrial Machinery & Supplies & Components,,,
PAYX,Paychex,S&P500,Human Resource & Employment Services,,,
PYPL,PayPal,S&P500,Transaction & Payment Processing Services,,,
PNR,Pentair,S&P500,Industrial Machinery & Supplies & Components,,,
PEP,PepsiCo,S&P500,Soft Drinks & Non-alcoholic Beverages,,,
PFE,Pfizer,S&P500,Pharmaceuticals,,,
PCG,PG&E Corporation,S&P500,Multi-Utilities,,,
PM,Philip Morris International,S&P500,Tobacco,,,
PSX,Phillips 66,S&P500,Oil & Gas Refining & Marketing,,,
PNW,Pinnacle West Capital,S&P500,Multi-Utilities,,,
PNC,PNC Financial Services,S&P500,Diversified Banks,,,
PPG,PPG Industries,S&P500,Specialty Chemicals,,,
PPL,PPL Corporation,S&P500,Electric Utilities,,,
PFG,Principal Financial Group,S&P500,Life & Health Insurance,,,
PG,Procter & Gamble,S&P500,Personal Care Products,,,
PGR,Progressive Corporation,S&P500,Property & Casualty Insurance,,,
PLD,Prologis,S&P500,Industrial REITs,,,
PRU,Prudential Financial,S&P500,Life & Health Insurance,,,
PEG,Public Service Enterprise Group,S&P500,Electric Utilities,,,
PTC,PTC Inc.,S&P500,Application Software,,,
PSA,Public Storage,S&P500,Self-Storage REITs,,,
PHM,PulteGroup,S&P500,Homebuilding,,,
PWR,Quanta Services,S&P500,Construction & Engineering,,,
QCOM,Qualcomm,S&P500,Semiconductors,,,
DGX,Quest Diagnostics,S&P500,Health Care Services,,,
Q,Qnity Electronics,S&P500,Semiconductor Materials & Equipment,,,
RL,Ralph Lauren Corporation,S&P500,"Apparel, Accessories & Luxury Goods",,,
RJF,Raymond James Financial,S&P500,Investment Banking & Brokerage,,,
RDDT,Reddit,S&P500,기타,,,
RTX,RTX Corporation,S&P500,Aerospace & Defense,,,
O,Realty Income,S&P500,Retail REITs,,,
REG,Regency Centers,S&P500,Retail REITs,,,
REGN,Regeneron Pharmaceuticals,S&P500,Biotechnology,,,
RF,Regions Financial Corporation,S&P500,Regional Banks,,,
RSG,Republic Services,S&P500,Environmental & Facilities Services,,,
RMD,ResMed|,S&P500,Health Care Equipment,,,
RVTY,Revvity,S&P500,Health Care Equipment,,,
HOOD,Robinhood Markets,S&P500,Investment Banking & Brokerage,,,
ROK,Rockwell Automation,S&P500,Electrical Components & Equipment,,,
ROL,"Rollins, Inc.",S&P500,Environmental & Facilities Services,,,
ROP,Roper Technologies,S&P500,Electronic Equipment & Instruments,,,
ROST,Ross Stores,S&P500,Apparel Retail,,,
RCL,Royal Caribbean Group,S&P500,"Hotels, Resorts & Cruise Lines",,,
SPGI,S&P Global,S&P500,Financial Exchanges & Data,,,
CRM,Salesforce,S&P500,Application Software,,,
SNDK,Sandisk,S&P500,"Technology Hardware, Storage & Peripherals",,,
SBAC,SBA Communications,S&P500,Telecom Tower REITs,,,
SLB,Schlumberger,S&P500,Oil & Gas Equipment & Services,,,
STX,Seagate Technology,S&P500,"Technology Hardware, Storage & Peripherals",,,
SRE,Sempra,S&P500,Multi-Utilities,,,
NOW,ServiceNow,S&P500,Systems Software,,,
SHW,Sherwin-Williams,S&P500,Specialty Chemicals,,,
SPG,Simon Property Group,S&P500,Retail REITs,,,
SWKS,Skyworks Solutions,S&P500,Semiconductors,,,
SJM,J.M. Smucker Company (The),S&P500,Packaged Foods & Meats,,,
SW,Smurfit Westrock,S&P500,Paper & Plastic Packaging Products & Materials,,,
SNA,Snap-on,S&P500,Industrial Machinery & Supplies & Components,,,
SOLV,Solventum,S&P500,Health Care Technology,,,
SO,Southern Company,S&P500,Electric Utilities,,,
LUV,Southwest Airlines,S&P500,Passenger Airlines,,,
SWK,Stanley Black & Decker,S&P500,Industrial Machinery & Supplies & Components,,,
SBUX,Starbucks,S&P500,Restaurants,,,
STT,State Street Corporation,S&P500,Asset Management & Custody Banks,,,
STLD,Steel Dynamics,S&P500,Steel,,,
STE,Steris,S&P500,Health Care Equipment,,,
SYK,Stryker Corporation,S&P500,Health Care Equipment,,,
SMCI,Supermicro,S&P500,"Technology Hardware, Storage & Peripherals",,,
SYF,Synchrony Financial,S&P500,Consumer Finance,,,
SNPS,Synopsys,S&P500,Application Software,,,
SYY,Sysco,S&P500,Food Distributors,,,
TMUS,T-Mobile US,S&P500,Wireless Telecommunication Services,,,
TROW,T. Rowe Price,S&P500,Asset Management & Custody Banks,,,
TTWO,Take-Two Interactive,S&P500,Interactive Home Entertainment,,,
TPR,"Tapestry, Inc.",S&P500,"Apparel, Accessories & Luxury Goods",,,
TRGP,Targa Resources,S&P500,Oil & Gas Storage & Transportation,,,
TGT,Target Corporation,S&P500,Consumer Staples Merchandise Retail,,,
TEL,TE Connectivity,S&P500,Electronic Manufacturing Services,,,
TDY,Teledyne Technologies,S&P500,Electronic Equipment & Instruments,,,
TER,Teradyne,S&P500,Semiconductor Materials & Equipment,,,
TSLA,"Tesla, Inc.",S&P500,Automobile Manufacturers,,,
TXN,Texas Instruments,S&P500,Semiconductors,,,
TPL,Texas Pacific Land Corporation,S&P500,Oil & Gas Exploration & Production,,,
TXT,Textron,S&P500,Aerospace & Defense,,,
TMO,Thermo Fisher Scientific,S&P500,Life Sciences Tools & Services,,,
TJX,TJX Companies,S&P500,Apparel Retail,,,
TKO,TKO Group Holdings,S&P500,Movies & Entertainment,,,
TTD,Trade Desk (The),S&P500,Advertising,,,
TSCO,Tractor Supply,S&P500,Other Specialty Retail,,,
TT,Trane Technologies,S&P500,Building Products,,,
TDG,TransDigm Group,S&P500,Aerospace & Defense,,,
TRV,Travelers Companies (The),S&P500,Property & Casualty Insurance,,,
TRMB,Trimble Inc.,S&P500,Application Software,,,
TFC,Truist Financial,S&P500,Diversified Banks,,,
TYL,Tyler Technologies,S&P500,Application Software,,,
TSN,Tyson Foods,S&P500,Packaged Foods & Meats,,,
USB,U.S. Bancorp,S&P500,Diversified Banks,,,
UBER,Uber,S&P500,Passenger Ground Transportation,,,
UDR,"UDR, Inc.",S&P500,Multi-Family Residential REITs,,,
ULTA,Ulta Beauty,S&P500,Other Specialty Retail,,,
UNP,Union Pacific Corporation,S&P500,Rail Transportation,,,
UAL,United Airlines Holdings,S&P500,Passenger Airlines,,,
UPS,United Parcel Service,S&P500,Air Freight & Logistics,,,
URI,United Rentals,S&P500,Trading Companies & Distributors,,,
UNH,UnitedHealth Group,S&P500,Managed Health Care,,,
UHS,Universal Health Services,S&P500,Health Care Facilities,,,
VLO,Valero Energy,S&P500,Oil & Gas Refining & Marketing,,,
VEEV,Veeva Systems,S&P500,Health Care Technology,,,
VTR,Ventas,S&P500,Health Care REITs,,,
VLTO,Veralto,S&P500,Environmental & Facilities Services,,,
VRSN,Verisign,S&P500,Internet Services & Infrastructure,,,
VRSK,Verisk Analytics,S&P500,Research & Consulting Services,,,
VZ,Verizon,S&P500,Integrated Telecommunication Services,,,
VRTX,Vertex Pharmaceuticals,S&P500,Biotechnology,,,
VRT,Vertiv,S&P500,Electrical Components & Equipment,,,
VTRS,Viatris,S&P500,Pharmaceuticals,,,
VICI,Vici Properties,S&P500,Hotel & Resort REITs,,,
V,Visa Inc.,S&P500,Transaction & Payment Processing Services,,,
VST,Vistra Corp.,S&P500,Electric Utilities,,,
VMRK,Vivmark Residential,S&P500,Multi-Family Residential REITs,,,
VMC,Vulcan Materials Company,S&P500,Construction Materials,,,
WRB,W. R. Berkley Corporation,S&P500,Property & Casualty Insurance,,,
GWW,W. W. Grainger,S&P500,Industrial Machinery & Supplies & Components,,,
WAB,Wabtec,S&P500,Construction Machinery & Heavy Transportation Equipment,,,
WMT,Walmart,S&P500,Consumer Staples Merchandise Retail,,,
DIS,Walt Disney Company (The),S&P500,Movies & Entertainment,,,
WBD,Warner Bros. Discovery,S&P500,Broadcasting,,,
WM,Waste Management,S&P500,Environmental & Facilities Services,,,
WAT,Waters Corporation,S&P500,Life Sciences Tools & Services,,,
WEC,WEC Energy Group,S&P500,Electric Utilities,,,
WFC,Wells Fargo,S&P500,Diversified Banks,,,
WELL,Welltower,S&P500,Health Care REITs,,,
WST,West Pharmaceutical Services,S&P500,Health Care Supplies,,,
WDC,Western Digital,S&P500,"Technology Hardware, Storage & Peripherals",,,
WY,Weyerhaeuser,S&P500,Timber REITs,,,
WSM,"Williams-Sonoma, Inc.",S&P500,Homefurnishing Retail,,,
WMB,Williams Companies,S&P500,Oil & Gas Storage & Transportation,,,
WTW,Willis Towers Watson,S&P500,Insurance Brokers,,,
WDAY,"Workday, Inc.",S&P500,Application Software,,,
WYNN,Wynn Resorts,S&P500,Casinos & Gaming,,,
XEL,Xcel Energy,S&P500,Multi-Utilities,,,
XYL,Xylem Inc.,S&P500,Industrial Machinery & Supplies & Components,,,
YUM,Yum! Brands,S&P500,Restaurants,,,
ZBRA,Zebra Technologies,S&P500,Electronic Equipment & Instruments,,,
ZBH,Zimmer Biomet,S&P500,Health Care Equipment,,,
ZTS,Zoetis,S&P500,Pharmaceuticals,,,
